,state,county,candidate,votes,party
1189,California,Los Angeles,Hillary Clinton,590502.0,Democrat
12451,Pennsylvania,Philadelphia,Hillary Clinton,212785.0,Democrat
7510,Michigan,Wayne,Hillary Clinton,163886.0,Democrat
14611,Texas,Harris,Hillary Clinton,156729.0,Democrat
1245,California,Orange,Donald Trump,146888.0,Republican
539,Arizona,Maricopa,Donald Trump,144522.0,Republican
1279,California,San Diego,Hillary Clinton,139813.0,Democrat
1604,Florida,Broward,Hillary Clinton,132527.0,Democrat
1826,Florida,Miami-Dade,Hillary Clinton,129467.0,Democrat
11059,Ohio,Cuyahoga,Hillary Clinton,125914.0,Democrat
12206,Pennsylvania,Allegheny,Hillary Clinton,122399.0,Democrat
10199,New York,Queens,Hillary Clinton,122386.0,Democrat
6911,Maryland,Prince George's,Hillary Clinton,113912.0,Democrat
14309,Texas,Dallas,Hillary Clinton,113574.0,Democrat
1309,California,Santa Clara,Hillary Clinton,109963.0,Democrat
6906,Maryland,Montgomery,Hillary Clinton,109304.0,Democrat
1099,California,Alameda,Hillary Clinton,107102.0,Democrat
1868,Florida,Palm Beach,Hillary Clinton,103369.0,Democrat
17147,Wisconsin,Dane,Bernie Sanders,102585.0,Democrat
11103,Ohio,Franklin,John Kasich,101217.0,Republican
17288,Wisconsin,Milwaukee,Hillary Clinton,100932.0,Democrat
10017,New York,Bronx,Hillary Clinton,95772.0,Democrat
7396,Michigan,Oakland,Hillary Clinton,92296.0,Democrat
15443,Texas,Tarrant,Ted Cruz,88867.0,Republican
12144,Oregon,Multnomah,Bernie Sanders,87247.0,Democrat
16107,Virginia,Fairfax,Hillary Clinton,86898.0,Democrat
1284,California,San Francisco,Hillary Clinton,85070.0,Democrat
1260,California,Riverside,Donald Trump,82814.0,Republican
2390,Georgia,Fulton,Hillary Clinton,82576.0,Democrat
2278,Georgia,DeKalb,Hillary Clinton,82348.0,Democrat
11415,Ohio,Summit,John Kasich,79040.0,Republican
10848,North Carolina,Wake,Hillary Clinton,77927.0,Democrat
14015,Texas,Bexar,Hillary Clinton,76502.0,Democrat
17426,Wisconsin,Waukesha,Ted Cruz,75123.0,Republican
9773,New Jersey,Essex,Hillary Clinton,75071.0,Democrat
15486,Texas,Travis,Bernie Sanders,73889.0,Democrat
6846,Maryland,Baltimore,Hillary Clinton,73099.0,Democrat
10656,North Carolina,Mecklenburg,Hillary Clinton,71265.0,Democrat
1274,California,San Bernardino,Hillary Clinton,71246.0,Democrat
10148,New York,Nassau,Hillary Clinton,70947.0,Democrat
1129,California,Contra Costa,Hillary Clinton,69809.0,Democrat
10286,New York,Westchester,Hillary Clinton,69628.0,Democrat
10247,New York,Suffolk,Donald Trump,69379.0,Republican
1736,Florida,Hillsborough,Hillary Clinton,68936.0,Democrat
1264,California,Sacramento,Hillary Clinton,68248.0,Democrat
11139,Ohio,Hamilton,John Kasich,67510.0,Republican
255,Alabama,Jefferson,Hillary Clinton,67357.0,Democrat
13797,Tennessee,Shelby,Hillary Clinton,66465.0,Democrat
3492,Illinois,DuPage,Bernie Sanders,65159.0,Democrat
16697,Washington,King,Donald Trump,64740.0,Republican
1880,Florida,Pinellas,Hillary Clinton,63699.0,Democrat
7319,Michigan,Macomb,Donald Trump,60492.0,Republican
4215,Indiana,Marion,Hillary Clinton,59649.0,Democrat
1658,Florida,Duval,Hillary Clinton,58632.0,Democrat
553,Arizona,Pima,Hillary Clinton,56317.0,Democrat
9748,New Jersey,Bergen,Hillary Clinton,55264.0,Democrat
1779,Florida,Lee,Donald Trump,51659.0,Republican
12242,Pennsylvania,Bucks,Donald Trump,51433.0,Republican
10077,New York,Erie,Hillary Clinton,50199.0,Democrat
9783,New Jersey,Hudson,Hillary Clinton,49798.0,Democrat
3650,Illinois,Lake,Hillary Clinton,49750.0,Democrat
8381,Missouri,Jackson,Hillary Clinton,48860.0,Democrat
16747,Washington,Pierce,Donald Trump,48071.0,Republican
9798,New Jersey,Middlesex,Hillary Clinton,47978.0,Democrat
1299,California,San Mateo,Hillary Clinton,47358.0,Democrat
3949,Illinois,Will,Bernie Sanders,46305.0,Democrat
14216,Texas,Collin,Ted Cruz,46094.0,Republican
1374,California,Ventura,Hillary Clinton,45848.0,Democrat
1599,Florida,Brevard,Donald Trump,45483.0,Republican
1339,California,Sonoma,Hillary Clinton,44923.0,Democrat
12311,Pennsylvania,Delaware,Hillary Clinton,44775.0,Democrat
9814,New Jersey,Ocean,Donald Trump,44672.0,Republican
9758,New Jersey,Camden,Hillary Clinton,43720.0,Democrat
13377,Tennessee,Davidson,Hillary Clinton,43691.0,Democrat
7263,Michigan,Kent,Bernie Sanders,43375.0,Democrat
12532,Pennsylvania,York,Donald Trump,41948.0,Republican
12114,Oregon,Lane,Bernie Sanders,41883.0,Democrat
12184,Oregon,Washington,Bernie Sanders,41841.0,Democrat
9838,New Jersey,Union,Hillary Clinton,40972.0,Democrat
14660,Texas,Hidalgo,Hillary Clinton,40276.0,Democrat
14342,Texas,Denton,Ted Cruz,39404.0,Republican
2201,Georgia,Cobb,Hillary Clinton,39277.0,Democrat
12867,South Carolina,Richland,Hillary Clinton,39243.0,Democrat
1561,Delaware,New Castle,Hillary Clinton,38580.0,Democrat
9809,New Jersey,Morris,Donald Trump,38252.0,Republican
9848,New Mexico,Bernalillo,Bernie Sanders,38247.0,Democrat
12377,Pennsylvania,Lancaster,Donald Trump,38171.0,Republican
7503,Michigan,Washtenaw,Bernie Sanders,38063.0,Democrat
10542,North Carolina,Guilford,Hillary Clinton,37880.0,Democrat
1145,California,Fresno,Donald Trump,37672.0,Republican
2439,Georgia,Gwinnett,Hillary Clinton,37465.0,Democrat
16772,Washington,Spokane,Donald Trump,37357.0,Republican
10138,New York,Monroe,Hillary Clinton,37309.0,Democrat
14401,Texas,El Paso,Hillary Clinton,36067.0,Democrat
10488,North Carolina,Durham,Hillary Clinton,35845.0,Democrat
6841,Maryland,Anne Arundel,Hillary Clinton,35659.0,Democrat
15768,Utah,Salt Lake,Bernie Sanders,35610.0,Democrat
12272,Pennsylvania,Chester,Donald Trump,35577.0,Republican
16767,Washington,Snohomish,Donald Trump,35474.0,Republican
9804,New Jersey,Monmouth,Donald Trump,35209.0,Republican
992,Arkansas,Pulaski,Hillary Clinton,34862.0,Democrat
1917,Florida,Sarasota,Donald Trump,34593.0,Republican
11858,Oklahoma,Oklahoma,Hillary Clinton,34255.0,Democrat
1953,Florida,Volusia,Donald Trump,34167.0,Republican
1170,California,Kern,Donald Trump,33838.0,Republican
1875,Florida,Pasco,Donald Trump,33536.0,Republican
11409,Ohio,Stark,John Kasich,33297.0,Republican
1887,Florida,Polk,Donald Trump,33187.0,Republican
16642,Washington,Clark,Donald Trump,32947.0,Republican
9753,New Jersey,Burlington,Hillary Clinton,32712.0,Democrat
12522,Pennsylvania,Westmoreland,Donald Trump,32145.0,Republican
11239,Ohio,Lucas,Hillary Clinton,32137.0,Democrat
1334,California,Solano,Hillary Clinton,31753.0,Democrat
14462,Texas,Fort Bend,Ted Cruz,31422.0,Republican
7755,Mississippi,Hinds,Hillary Clinton,31386.0,Democrat
7168,Michigan,Genesee,Hillary Clinton,31284.0,Democrat
3625,Illinois,Kane,Bernie Sanders,31085.0,Democrat
9711,New Hampshire,Rockingham,Bernie Sanders,31080.0,Democrat
10361,North Carolina,Buncombe,Bernie Sanders,30913.0,Democrat
6896,Maryland,Howard,Hillary Clinton,30873.0,Democrat
15807,Utah,Utah,Ted Cruz,30637.0,Republican
8641,Missouri,St. Charles,Donald Trump,30489.0,Republican
1635,Florida,Collier,Donald Trump,30071.0,Republican
3983,Indiana,Allen,Ted Cruz,29963.0,Republican
9818,New Jersey,Passaic,Hillary Clinton,29538.0,Democrat
9793,New Jersey,Mercer,Hillary Clinton,29505.0,Democrat
339,Alabama,Mobile,Hillary Clinton,28927.0,Democrat
12227,Pennsylvania,Berks,Donald Trump,28719.0,Republican
12397,Pennsylvania,Luzerne,Donald Trump,28660.0,Republican
11007,Ohio,Butler,John Kasich,28606.0,Republican
16205,Virginia,Henrico,Hillary Clinton,28121.0,Democrat
12029,Oregon,Clackamas,Bernie Sanders,27969.0,Democrat
11982,Oklahoma,Tulsa,Ted Cruz,27829.0,Republican
1784,Florida,Leon,Hillary Clinton,27333.0,Democrat
1199,California,Marin,Hillary Clinton,27238.0,Democrat
8331,Missouri,Greene,Ted Cruz,26784.0,Republican
12627,South Carolina,Charleston,Hillary Clinton,26535.0,Democrat
12757,South Carolina,Horry,Donald Trump,26445.0,Republican
16415,Virginia,Prince William,Hillary Clinton,26439.0,Democrat
1809,Florida,Manatee,Donald Trump,26320.0,Republican
1923,Florida,Seminole,Donald Trump,25763.0,Republican
1250,California,Placer,Donald Trump,25700.0,Republican
17111,Wisconsin,Brown,Ted Cruz,25612.0,Republican
15953,Virginia,Arlington,Hillary Clinton,25561.0,Democrat
1313,California,Santa Cruz,Bernie Sanders,25171.0,Democrat
2187,Georgia,Clayton,Hillary Clinton,25130.0,Democrat
1289,California,San Joaquin,Hillary Clinton,25118.0,Democrat
12733,South Carolina,Greenville,Donald Trump,24913.0,Republican
10500,North Carolina,Forsyth,Hillary Clinton,24446.0,Democrat
1899,Florida,St. Johns,Donald Trump,24205.0,Republican
15625,Texas,Williamson,Ted Cruz,23880.0,Republican
7442,Michigan,Ottawa,Ted Cruz,23862.0,Republican
313,Alabama,Madison,Donald Trump,23791.0,Republican
9192,Nebraska,Douglas,Donald Trump,23754.0,Republican
12,Alabama,Baldwin,Donald Trump,23618.0,Republican
1304,California,Santa Barbara,Hillary Clinton,23543.0,Democrat
12371,Pennsylvania,Lackawanna,Hillary Clinton,22971.0,Democrat
7215,Michigan,Ingham,Bernie Sanders,22909.0,Democrat
11451,Ohio,Warren,John Kasich,22870.0,Republican
10452,North Carolina,Cumberland,Hillary Clinton,22744.0,Democrat
16051,Virginia,Chesterfield,Hillary Clinton,22674.0,Democrat
15387,Texas,Smith,Ted Cruz,21804.0,Republican
6892,Maryland,Harford,Donald Trump,21771.0,Republican
11235,Ohio,Lorain,John Kasich,21544.0,Republican
12307,Pennsylvania,Dauphin,Donald Trump,21253.0,Republican
16275,Virginia,Loudoun,Hillary Clinton,21171.0,Democrat
11251,Ohio,Mahoning,Hillary Clinton,21000.0,Democrat
3848,Illinois,St. Clair,Hillary Clinton,20987.0,Democrat
13575,Tennessee,Knox,Donald Trump,20985.0,Republican
12392,Pennsylvania,Lehigh,Donald Trump,20891.0,Republican
1665,Florida,Escambia,Donald Trump,20856.0,Republican
3430,Illinois,Champaign,Bernie Sanders,20581.0,Democrat
10006,New York,Albany,Bernie Sanders,20422.0,Democrat
10164,New York,Onondaga,Hillary Clinton,20397.0,Democrat
14127,Texas,Cameron,Hillary Clinton,20326.0,Democrat
3121,Idaho,Ada,Ted Cruz,20156.0,Republican
7251,Michigan,Kalamazoo,Bernie Sanders,20146.0,Democrat
6226,Kentucky,Fayette,Hillary Clinton,20014.0,Democrat
14055,Texas,Brazoria,Ted Cruz,19993.0,Republican
2145,Georgia,Chatham,Hillary Clinton,19898.0,Democrat
9828,New Jersey,Somerset,Hillary Clinton,19667.0,Democrat
1629,Florida,Clay,Donald Trump,19374.0,Republican
1295,California,San Luis Obispo,Donald Trump,19313.0,Republican
12437,Pennsylvania,Northampton,Donald Trump,19285.0,Republican
14967,Texas,Lubbock,Ted Cruz,19163.0,Republican
4326,Indiana,St. Joseph,Donald Trump,19059.0,Republican
17346,Wisconsin,Racine,Ted Cruz,18698.0,Republican
17311,Wisconsin,Outagamie,Ted Cruz,18621.0,Republican
11265,Ohio,Medina,John Kasich,18572.0,Republican
15578,Texas,Webb,Hillary Clinton,18559.0,Democrat
4131,Indiana,Hendricks,Donald Trump,18555.0,Republican
2168,Georgia,Cherokee,Donald Trump,18460.0,Republican
1905,Florida,St. Lucie,Donald Trump,18350.0,Republican
9701,New Hampshire,Merrimack,Bernie Sanders,18076.0,Democrat
9778,New Jersey,Gloucester,Hillary Clinton,17954.0,Democrat
9051,Montana,Yellowstone,Donald Trump,17925.0,Republican
11419,Ohio,Trumbull,Hillary Clinton,17903.0,Democrat
17437,Wisconsin,Winnebago,Bernie Sanders,17818.0,Democrat
1567,Delaware,Sussex,Donald Trump,17794.0,Republican
1845,Florida,Okaloosa,Donald Trump,17770.0,Republican
1929,Florida,Sumter,Donald Trump,17769.0,Republican
1574,Florida,Alachua,Hillary Clinton,17733.0,Democrat
1140,California,El Dorado,Donald Trump,17651.0,Republican
15712,Utah,Davis,Ted Cruz,17528.0,Republican
14497,Texas,Galveston,Ted Cruz,17483.0,Republican
11223,Ohio,Licking,John Kasich,17357.0,Republican
17352,Wisconsin,Rock,Bernie Sanders,17337.0,Democrat
4176,Indiana,Johnson,Donald Trump,17218.0,Republican
11030,Ohio,Clermont,Donald Trump,17186.0,Republican
1229,California,Monterey,Hillary Clinton,17126.0,Democrat
569,Arizona,Yavapai,Donald Trump,17005.0,Republican
10210,New York,Rockland,Hillary Clinton,16966.0,Democrat
17316,Wisconsin,Ozaukee,Ted Cruz,16919.0,Republican
12467,Pennsylvania,Schuylkill,Donald Trump,16800.0,Republican
16782,Washington,Thurston,Donald Trump,16639.0,Republican
6862,Maryland,Carroll,Donald Trump,16534.0,Republican
16797,Washington,Whatcom,Donald Trump,16533.0,Republican
1617,Florida,Charlotte,Donald Trump,16525.0,Republican
3693,Illinois,McHenry,Donald Trump,16514.0,Republican
1862,Florida,Osceola,Hillary Clinton,16512.0,Democrat
11576,Oklahoma,Cleveland,Bernie Sanders,16428.0,Democrat
12805,South Carolina,Lexington,Donald Trump,16361.0,Republican
16702,Washington,Kitsap,Donald Trump,16346.0,Republican
2817,Georgia,Richmond,Hillary Clinton,16269.0,Democrat
4073,Indiana,Elkhart,Ted Cruz,16204.0,Republican
4291,Indiana,Porter,Donald Trump,16194.0,Republican
9971,New Mexico,Santa Fe,Hillary Clinton,16087.0,Democrat
1821,Florida,Martin,Donald Trump,16065.0,Republican
1911,Florida,Santa Rosa,Donald Trump,16044.0,Republican
9721,New Hampshire,Strafford,Bernie Sanders,15865.0,Democrat
1115,California,Butte,Donald Trump,15695.0,Republican
15144,Texas,Nueces,Hillary Clinton,15662.0,Democrat
2495,Georgia,Henry,Hillary Clinton,15639.0,Democrat
17386,Wisconsin,Sheboygan,Ted Cruz,15545.0,Republican
1725,Florida,Hernando,Donald Trump,15479.0,Republican
11091,Ohio,Fairfield,John Kasich,15478.0,Republican
1345,California,Stanislaus,Donald Trump,15390.0,Republican
7301,Michigan,Livingston,Donald Trump,15359.0,Republican
1365,California,Tulare,Donald Trump,15334.0,Republican
12885,South Carolina,Spartanburg,Donald Trump,15249.0,Republican
1623,Florida,Citrus,Donald Trump,15232.0,Republican
17242,Wisconsin,La Crosse,Bernie Sanders,15139.0,Democrat
6871,Maryland,Charles,Hillary Clinton,15132.0,Democrat
6882,Maryland,Frederick,Donald Trump,15076.0,Republican
8152,Missouri,Boone,Bernie Sanders,15076.0,Democrat
16627,Washington,Benton,Donald Trump,14943.0,Republican
16807,Washington,Yakima,Donald Trump,14872.0,Republican
1320,California,Shasta,Donald Trump,14822.0,Republican
1421,Colorado,Denver,Bernie Sanders,14624.0,Democrat
17232,Wisconsin,Kenosha,Bernie Sanders,14612.0,Democrat
4381,Indiana,Vanderburgh,Donald Trump,14544.0,Republican
1587,Florida,Bay,Donald Trump,14426.0,Republican
14988,Texas,McLennan,Ted Cruz,14285.0,Republican
12061,Oregon,Deschutes,Donald Trump,14264.0,Republican
9681,New Hampshire,Grafton,Bernie Sanders,14258.0,Democrat
544,Arizona,Mohave,Donald Trump,14154.0,Republican
14013,Texas,Bell,Ted Cruz,13994.0,Republican
16908,West Virginia,Kanawha,Donald Trump,13936.0,Republican
7967,Mississippi,Rankin,Donald Trump,13729.0,Republican
1749,Florida,Indian River,Donald Trump,13678.0,Republican
12387,Pennsylvania,Lebanon,Donald Trump,13490.0,Republican
17271,Wisconsin,Marathon,Ted Cruz,13414.0,Republican
8929,Montana,Missoula,Bernie Sanders,13271.0,Democrat
1153,California,Humboldt,Bernie Sanders,13245.0,Democrat
13771,Tennessee,Rutherford,Donald Trump,13229.0,Republican
3702,Illinois,McLean,Ted Cruz,13085.0,Republican
17172,Wisconsin,Eau Claire,Bernie Sanders,13058.0,Democrat
14237,Texas,Comal,Ted Cruz,13004.0,Republican
12216,Pennsylvania,Beaver,Hillary Clinton,12963.0,Democrat
2047,Georgia,Bibb,Hillary Clinton,12944.0,Democrat
12402,Pennsylvania,Lycoming,Donald Trump,12898.0,Republican
15191,Texas,Parker,Ted Cruz,12883.0,Republican
12232,Pennsylvania,Blair,Donald Trump,12870.0,Republican
10591,North Carolina,Iredell,Donald Trump,12861.0,Republican
2712,Georgia,Muscogee,Hillary Clinton,12801.0,Democrat
17186,Wisconsin,Fond du Lac,Ted Cruz,12750.0,Republican
10687,North Carolina,New Hanover,Donald Trump,12631.0,Republican
15240,Texas,Randall,Ted Cruz,12593.0,Republican
1379,California,Yolo,Hillary Clinton,12567.0,Democrat
7750,Mississippi,Harrison,Donald Trump,12555.0,Republican
14399,Texas,Ellis,Ted Cruz,12546.0,Republican
2455,Georgia,Hall,Donald Trump,12536.0,Republican
9661,New Hampshire,Cheshire,Bernie Sanders,12471.0,Democrat
9789,New Jersey,Hunterdon,Donald Trump,12450.0,Republican
10073,New York,Dutchess,Donald Trump,12447.0,Republican
7456,Michigan,Saginaw,Hillary Clinton,12348.0,Democrat
7711,Mississippi,DeSoto,Ted Cruz,12300.0,Republican
3864,Illinois,Sangamon,Ted Cruz,12261.0,Republican
559,Arizona,Pinal,Donald Trump,12182.0,Republican
437,Alabama,Tuscaloosa,Hillary Clinton,12136.0,Democrat
7016,Massachusetts,Worcester,Hillary Clinton,12132.0,Democrat
3900,Illinois,Tazewell,Ted Cruz,12085.0,Republican
14062,Texas,Brazos,Ted Cruz,12049.0,Republican
11121,Ohio,Geauga,John Kasich,12034.0,Republican
3278,Idaho,Kootenai,Ted Cruz,11924.0,Republican
9744,New Jersey,Atlantic,Donald Trump,11921.0,Republican
10740,North Carolina,Pitt,Hillary Clinton,11856.0,Democrat
12851,South Carolina,Orangeburg,Hillary Clinton,11819.0,Democrat
10357,North Carolina,Brunswick,Donald Trump,11584.0,Republican
10265,New York,Ulster,Bernie Sanders,11572.0,Democrat
10513,North Carolina,Gaston,Donald Trump,11528.0,Republican
3096,Hawaii,Honolulu,Bernie Sanders,11458.0,Democrat
3788,Illinois,Peoria,Hillary Clinton,11341.0,Democrat
10375,North Carolina,Cabarrus,Donald Trump,11300.0,Republican
10217,New York,Saratoga,Donald Trump,11204.0,Republican
3199,Idaho,Canyon,Ted Cruz,11164.0,Republican
1401,Colorado,Boulder,Bernie Sanders,11142.0,Democrat
8391,Missouri,Jasper,Ted Cruz,11113.0,Republican
11283,Ohio,Miami,John Kasich,11050.0,Republican
10405,North Carolina,Catawba,Donald Trump,10991.0,Republican
11475,Ohio,Wood,John Kasich,10968.0,Republican
12581,South Carolina,Anderson,Donald Trump,10953.0,Republican
10155,New York,Niagara,Donald Trump,10940.0,Republican
11355,Ohio,Portage,John Kasich,10921.0,Republican
362,Alabama,Morgan,Donald Trump,10909.0,Republican
10160,New York,Oneida,Donald Trump,10832.0,Republican
10606,North Carolina,Johnston,Ted Cruz,10826.0,Republican
12252,Pennsylvania,Cambria,Donald Trump,10795.0,Republican
17411,Wisconsin,Walworth,Ted Cruz,10719.0,Republican
8846,Montana,Flathead,Donald Trump,10642.0,Republican
152,Alabama,Cullman,Donald Trump,10618.0,Republican
8229,Missouri,Christian,Ted Cruz,10586.0,Republican
15058,Texas,Midland,Ted Cruz,10474.0,Republican
17156,Wisconsin,Dodge,Ted Cruz,10431.0,Republican
12101,Oregon,Josephine,Donald Trump,10325.0,Republican
4366,Indiana,Tippecanoe,Donald Trump,10296.0,Republican
12265,Pennsylvania,Centre,Bernie Sanders,10269.0,Democrat
3842,Illinois,Rock Island,Hillary Clinton,10216.0,Democrat
15450,Texas,Taylor,Ted Cruz,10160.0,Republican
7383,Michigan,Muskegon,Bernie Sanders,10062.0,Democrat
12547,Rhode Island,Providence,Bernie Sanders,10006.0,Democrat
2742,Georgia,Paulding,Donald Trump,10002.0,Republican
12603,South Carolina,Beaufort,Hillary Clinton,9945.0,Democrat
12202,Pennsylvania,Adams,Donald Trump,9754.0,Republican
1535,Connecticut,New Haven,Hillary Clinton,9710.0,Democrat
13827,Tennessee,Sumner,Donald Trump,9708.0,Republican
1671,Florida,Flagler,Donald Trump,9684.0,Republican
2238,Georgia,Coweta,Donald Trump,9593.0,Republican
4121,Indiana,Hancock,Donald Trump,9520.0,Republican
4201,Indiana,LaPorte,Donald Trump,9494.0,Republican
12611,South Carolina,Berkeley,Hillary Clinton,9471.0,Democrat
9437,Nebraska,Sarpy,Donald Trump,9459.0,Republican
12715,South Carolina,Florence,Hillary Clinton,9411.0,Democrat
10777,North Carolina,Rowan,Donald Trump,9369.0,Republican
17266,Wisconsin,Manitowoc,Ted Cruz,9320.0,Republican
10260,New York,Tompkins,Bernie Sanders,9298.0,Democrat
14567,Texas,Guadalupe,Ted Cruz,9283.0,Republican
2224,Georgia,Columbia,Donald Trump,9177.0,Republican
10021,New York,Broome,Bernie Sanders,9176.0,Democrat
334,Alabama,Marshall,Donald Trump,9115.0,Republican
10753,North Carolina,Randolph,Donald Trump,9108.0,Republican
12126,Oregon,Linn,Donald Trump,9085.0,Republican
12565,South Carolina,Aiken,Donald Trump,9027.0,Republican
54,Alabama,Calhoun,Donald Trump,8960.0,Republican
2299,Georgia,Dougherty,Hillary Clinton,8891.0,Democrat
11042,Ohio,Columbiana,Donald Trump,8823.0,Republican
4186,Indiana,Kosciusko,Donald Trump,8748.0,Republican
16652,Washington,Cowlitz,Donald Trump,8727.0,Republican
13820,Tennessee,Sullivan,Donald Trump,8718.0,Republican
194,Alabama,Etowah,Donald Trump,8657.0,Republican
14546,Texas,Grayson,Ted Cruz,8647.0,Republican
16200,Virginia,Hanover,Donald Trump,8586.0,Republican
13911,Tennessee,Wilson,Donald Trump,8570.0,Republican
10680,North Carolina,Nash,Hillary Clinton,8554.0,Democrat
4391,Indiana,Vigo,Donald Trump,8539.0,Republican
180,Alabama,Elmore,Donald Trump,8525.0,Republican
16717,Washington,Lewis,Donald Trump,8513.0,Republican
1238,California,Nevada,Bernie Sanders,8472.0,Democrat
10764,North Carolina,Robeson,Hillary Clinton,8457.0,Democrat
12106,Oregon,Klamath,Donald Trump,8451.0,Republican
446,Alabama,Walker,Donald Trump,8394.0,Republican
14553,Texas,Gregg,Ted Cruz,8363.0,Republican
10699,North Carolina,Onslow,Donald Trump,8343.0,Republican
9764,New Jersey,Cape May,Donald Trump,8338.0,Republican
8851,Montana,Gallatin,Donald Trump,8313.0,Republican
10570,North Carolina,Henderson,Ted Cruz,8301.0,Republican
15918,Virginia,Albemarle,Hillary Clinton,8284.0,Democrat
2028,Georgia,Bartow,Donald Trump,8281.0,Republican
14644,Texas,Hays,Ted Cruz,8254.0,Republican
1195,California,Madera,Donald Trump,8247.0,Republican
292,Alabama,Limestone,Donald Trump,8198.0,Republican
243,Alabama,Houston,Donald Trump,8171.0,Republican
13175,South Dakota,Pennington,Donald Trump,8162.0,Republican
8806,Montana,Cascade,Donald Trump,8129.0,Republican
11547,Oklahoma,Canadian,Ted Cruz,8105.0,Republican
16961,West Virginia,Monongalia,Bernie Sanders,8096.0,Democrat
7185,Michigan,Grand Traverse,Bernie Sanders,8091.0,Democrat
12442,Pennsylvania,Northumberland,Donald Trump,8087.0,Republican
14812,Texas,Kaufman,Ted Cruz,8027.0,Republican
13281,Tennessee,Blount,Donald Trump,8009.0,Republican
2824,Georgia,Rockdale,Hillary Clinton,7930.0,Democrat
3986,Indiana,Bartholomew,Donald Trump,7918.0,Republican
3001,Georgia,Walton,Donald Trump,7910.0,Republican
12282,Pennsylvania,Clearfield,Donald Trump,7862.0,Republican
7085,Michigan,Berrien,Donald Trump,7817.0,Republican
3175,Idaho,Bonneville,Ted Cruz,7794.0,Republican
16677,Washington,Grant,Donald Trump,7778.0,Republican
13792,Tennessee,Sevier,Donald Trump,7686.0,Republican
8211,Missouri,Cass,Ted Cruz,7671.0,Republican
12357,Pennsylvania,Indiana,Donald Trump,7585.0,Republican
12212,Pennsylvania,Armstrong,Donald Trump,7578.0,Republican
7040,Michigan,Allegan,Ted Cruz,7530.0,Republican
1012,Arkansas,Saline,Ted Cruz,7507.0,Republican
271,Alabama,Lauderdale,Donald Trump,7502.0,Republican
3637,Illinois,Kendall,Bernie Sanders,7482.0,Democrat
1731,Florida,Highlands,Donald Trump,7480.0,Republican
12297,Pennsylvania,Crawford,Donald Trump,7471.0,Republican
4081,Indiana,Floyd,Donald Trump,7456.0,Republican
4406,Indiana,Warrick,Donald Trump,7450.0,Republican
9956,New Mexico,Sandoval,Hillary Clinton,7448.0,Democrat
7283,Michigan,Lapeer,Donald Trump,7446.0,Republican
1682,Florida,Gadsden,Hillary Clinton,7446.0,Democrat
16757,Washington,Skagit,Donald Trump,7444.0,Republican
1524,Connecticut,Hartford,Hillary Clinton,7413.0,Democrat
10302,North Carolina,Alamance,Hillary Clinton,7374.0,Democrat
1234,California,Napa,Hillary Clinton,7370.0,Democrat
6867,Maryland,Cecil,Donald Trump,7348.0,Republican
10675,North Carolina,Moore,Donald Trump,7347.0,Republican
16508,Virginia,Stafford,Donald Trump,7339.0,Republican
8193,Missouri,Cape Girardeau,Ted Cruz,7332.0,Republican
17013,West Virginia,Raleigh,Donald Trump,7325.0,Republican
2719,Georgia,Newton,Hillary Clinton,7269.0,Democrat
14721,Texas,Hunt,Ted Cruz,7249.0,Republican
14385,Texas,Ector,Ted Cruz,7232.0,Republican
15485,Texas,Tom Green,Ted Cruz,7231.0,Republican
15296,Texas,Rockwall,Ted Cruz,7202.0,Republican
17367,Wisconsin,Sauk,Bernie Sanders,7195.0,Democrat
15697,Utah,Cache,Ted Cruz,7172.0,Republican
1214,California,Merced,Hillary Clinton,7169.0,Democrat
12861,South Carolina,Pickens,Donald Trump,7136.0,Republican
2173,Georgia,Clarke,Hillary Clinton,7089.0,Democrat
10393,North Carolina,Carteret,Donald Trump,7077.0,Republican
15827,Utah,Weber,Ted Cruz,7058.0,Republican
14048,Texas,Bowie,Ted Cruz,7057.0,Republican
1175,California,Kings,Donald Trump,7046.0,Republican
15604,Texas,Wichita,Ted Cruz,7008.0,Republican
7155,Michigan,Eaton,Bernie Sanders,7007.0,Democrat
6942,Maryland,Wicomico,Donald Trump,6998.0,Republican
12382,Pennsylvania,Lawrence,Donald Trump,6964.0,Republican
3657,Illinois,LaSalle,Donald Trump,6950.0,Republican
12693,South Carolina,Dorchester,Donald Trump,6949.0,Republican
512,Arizona,Coconino,Bernie Sanders,6941.0,Democrat
16687,Washington,Island,Donald Trump,6930.0,Republican
15396,Texas,Starr,Hillary Clinton,6918.0,Democrat
17366,Wisconsin,St. Croix,Ted Cruz,6892.0,Republican
13936,Texas,Angelina,Ted Cruz,6875.0,Republican
10220,New York,Schenectady,Bernie Sanders,6862.0,Democrat
16501,Virginia,Spotsylvania,Donald Trump,6858.0,Republican
9622,Nevada,Washoe,Donald Trump,6850.0,Republican
12196,Oregon,Yamhill,Donald Trump,6843.0,Republican
16637,Washington,Clallam,Donald Trump,6715.0,Republican
1459,Colorado,Larimer,Bernie Sanders,6664.0,Democrat
3705,Illinois,Macon,Donald Trump,6655.0,Republican
10203,New York,Rensselaer,Bernie Sanders,6649.0,Democrat
4046,Indiana,Dearborn,Donald Trump,6617.0,Republican
11313,Ohio,Muskingum,John Kasich,6599.0,Republican
6922,Maryland,St. Mary's,Donald Trump,6576.0,Republican
12222,Pennsylvania,Bedford,Donald Trump,6540.0,Republican
12237,Pennsylvania,Bradford,Donald Trump,6501.0,Republican
10494,North Carolina,Edgecombe,Hillary Clinton,6411.0,Democrat
3633,Illinois,Kankakee,Donald Trump,6403.0,Republican
17008,West Virginia,Putnam,Donald Trump,6395.0,Republican
7805,Mississippi,Jones,Donald Trump,6388.0,Republican
6852,Maryland,Calvert,Donald Trump,6360.0,Republican
14609,Texas,Hardin,Ted Cruz,6354.0,Republican
509,Arizona,Cochise,Donald Trump,6339.0,Republican
425,Alabama,Talladega,Donald Trump,6304.0,Republican
10627,North Carolina,Lincoln,Donald Trump,6293.0,Republican
8976,Montana,Ravalli,Donald Trump,6281.0,Republican
6837,Maryland,Allegany,Donald Trump,6272.0,Republican
738,Arkansas,Faulkner,Ted Cruz,6228.0,Republican
10548,North Carolina,Halifax,Hillary Clinton,6224.0,Democrat
8896,Montana,Lewis and Clark,Donald Trump,6194.0,Republican
8253,Missouri,Cole,Ted Cruz,6159.0,Republican
10185,New York,Oswego,Donald Trump,6151.0,Republican
17126,Wisconsin,Calumet,Ted Cruz,6139.0,Republican
10976,Ohio,Ashtabula,Donald Trump,6127.0,Republican
13288,Tennessee,Bradley,Donald Trump,6103.0,Republican
1393,Colorado,Arapahoe,Bernie Sanders,6086.0,Democrat
1030,Arkansas,Sebastian,Donald Trump,6030.0,Republican
11426,Ohio,Tuscarawas,Donald Trump,6025.0,Republican
13164,South Dakota,Minnehaha,Hillary Clinton,6018.0,Democrat
9641,New Hampshire,Belknap,Bernie Sanders,5990.0,Democrat
16838,West Virginia,Cabell,Donald Trump,5977.0,Republican
12262,Pennsylvania,Carbon,Donald Trump,5977.0,Republican
12046,Oregon,Coos,Donald Trump,5961.0,Republican
10242,New York,Steuben,Donald Trump,5957.0,Republican
15541,Texas,Van Zandt,Ted Cruz,5954.0,Republican
14686,Texas,Hood,Ted Cruz,5948.0,Republican
3057,Georgia,Whitfield,Donald Trump,5945.0,Republican
10879,North Carolina,Wilkes,Donald Trump,5889.0,Republican
11940,Oklahoma,Rogers,Ted Cruz,5850.0,Republican
17129,Wisconsin,Chippewa,Donald Trump,5832.0,Republican
10865,North Carolina,Watauga,Bernie Sanders,5811.0,Democrat
14925,Texas,Liberty,Ted Cruz,5805.0,Republican
8590,Missouri,Platte,Ted Cruz,5798.0,Republican
16237,Virginia,James City,Marco Rubio,5780.0,Republican
15548,Texas,Victoria,Ted Cruz,5750.0,Republican
9962,New Mexico,San Juan,Donald Trump,5749.0,Republican
1159,California,Imperial,Hillary Clinton,5743.0,Democrat
11390,Ohio,Scioto,Donald Trump,5729.0,Republican
16632,Washington,Chelan,Donald Trump,5717.0,Republican
10980,Ohio,Athens,Bernie Sanders,5663.0,Democrat
16445,Virginia,Roanoke,Donald Trump,5650.0,Republican
10447,North Carolina,Craven,Donald Trump,5608.0,Republican
3090,Hawaii,Hawaii,Bernie Sanders,5605.0,Democrat
10381,North Carolina,Caldwell,Donald Trump,5599.0,Republican
756,Arkansas,Garland,Donald Trump,5538.0,Republican
7329,Michigan,Marquette,Bernie Sanders,5530.0,Democrat
2413,Georgia,Glynn,Donald Trump,5516.0,Republican
15646,Texas,Wise,Ted Cruz,5513.0,Republican
16727,Washington,Mason,Donald Trump,5491.0,Republican
11066,Ohio,Darke,Donald Trump,5437.0,Republican
12447,Pennsylvania,Perry,Donald Trump,5424.0,Republican
15219,Texas,Potter,Ted Cruz,5400.0,Republican
5,Alabama,Autauga,Donald Trump,5387.0,Republican
10994,Ohio,Belmont,Donald Trump,5313.0,Republican
75,Alabama,Chilton,Donald Trump,5273.0,Republican
12352,Pennsylvania,Huntingdon,Donald Trump,5230.0,Republican
15121,Texas,Nacogdoches,Ted Cruz,5229.0,Republican
10801,North Carolina,Stanly,Donald Trump,5202.0,Republican
7823,Mississippi,Lamar,Donald Trump,5197.0,Republican
6917,Maryland,Queen Anne's,Donald Trump,5195.0,Republican
17431,Wisconsin,Waupaca,Ted Cruz,5194.0,Republican
2616,Georgia,Lowndes,Donald Trump,5194.0,Republican
6201,Kentucky,Daviess,Bernie Sanders,5188.0,Democrat
12457,Pennsylvania,Pike,Donald Trump,5187.0,Republican
7295,Michigan,Lenawee,Donald Trump,5167.0,Republican
6376,Kentucky,Kenton,Hillary Clinton,5146.0,Democrat
10971,Ohio,Ashland,John Kasich,5139.0,Republican
15962,Virginia,Augusta,Donald Trump,5117.0,Republican
3972,Illinois,Woodford,Ted Cruz,5091.0,Republican
8720,Missouri,Taney,Donald Trump,5086.0,Republican
16777,Washington,Stevens,Donald Trump,5075.0,Republican
12166,Oregon,Umatilla,Donald Trump,5065.0,Republican
11385,Ohio,Sandusky,John Kasich,5064.0,Republican
12487,Pennsylvania,Susquehanna,Donald Trump,5027.0,Republican
3909,Illinois,Vermilion,Donald Trump,5021.0,Republican
11360,Ohio,Preble,Donald Trump,5019.0,Republican
10989,Ohio,Auglaize,John Kasich,4998.0,Republican
7006,Massachusetts,Plymouth,Bernie Sanders,4997.0,Democrat
12675,South Carolina,Darlington,Hillary Clinton,4988.0,Democrat
10369,North Carolina,Burke,Donald Trump,4985.0,Republican
1370,California,Tuolumne,Donald Trump,4949.0,Republican
10555,North Carolina,Harnett,Donald Trump,4943.0,Republican
12723,South Carolina,Georgetown,Hillary Clinton,4931.0,Democrat
11379,Ohio,Ross,John Kasich,4918.0,Republican
9946,New Mexico,Rio Arriba,Hillary Clinton,4915.0,Democrat
1120,California,Calaveras,Donald Trump,4902.0,Republican
16116,Virginia,Fauquier,Donald Trump,4888.0,Republican
11343,Ohio,Pickaway,John Kasich,4885.0,Republican
15310,Texas,Rusk,Ted Cruz,4884.0,Republican
14840,Texas,Kerr,Ted Cruz,4846.0,Republican
12502,Pennsylvania,Venango,Donald Trump,4808.0,Republican
9926,New Mexico,McKinley,Hillary Clinton,4761.0,Democrat
10620,North Carolina,Lenoir,Hillary Clinton,4731.0,Democrat
3362,Idaho,Twin Falls,Ted Cruz,4717.0,Republican
1350,California,Sutter,Donald Trump,4697.0,Republican
10530,North Carolina,Granville,Hillary Clinton,4693.0,Democrat
4066,Indiana,Dubois,Donald Trump,4692.0,Republican
8160,Missouri,Buchanan,Donald Trump,4691.0,Republican
13470,Tennessee,Hamblen,Donald Trump,4690.0,Republican
16792,Washington,Walla Walla,Donald Trump,4689.0,Republican
14779,Texas,Jim Wells,Hillary Clinton,4688.0,Democrat
432,Alabama,Tallapoosa,Donald Trump,4658.0,Republican
13666,Tennessee,Maury,Donald Trump,4655.0,Republican
1208,California,Mendocino,Bernie Sanders,4654.0,Democrat
2021,Georgia,Barrow,Donald Trump,4653.0,Republican
10038,New York,Chautauqua,Donald Trump,4648.0,Republican
17274,Wisconsin,Marinette,Donald Trump,4633.0,Republican
12907,South Carolina,Williamsburg,Hillary Clinton,4609.0,Democrat
138,Alabama,Covington,Donald Trump,4608.0,Republican
16682,Washington,Grays Harbor,Donald Trump,4598.0,Republican
11397,Ohio,Seneca,John Kasich,4596.0,Republican
7931,Mississippi,Pearl River,Donald Trump,4562.0,Republican
10842,North Carolina,Vance,Hillary Clinton,4561.0,Democrat
7131,Michigan,Clinton,Bernie Sanders,4524.0,Democrat
11989,Oklahoma,Wagoner,Ted Cruz,4459.0,Republican
7485,Michigan,Shiawassee,Bernie Sanders,4452.0,Democrat
503,Arizona,Apache,Hillary Clinton,4450.0,Democrat
2133,Georgia,Catoosa,Donald Trump,4449.0,Republican
13505,Tennessee,Hawkins,Donald Trump,4426.0,Republican
12845,South Carolina,Oconee,Donald Trump,4424.0,Republican
4256,Indiana,Noble,Donald Trump,4422.0,Republican
12492,Pennsylvania,Tioga,Donald Trump,4421.0,Republican
3109,Hawaii,Maui,Bernie Sanders,4419.0,Democrat
548,Arizona,Navajo,Hillary Clinton,4415.0,Democrat
17299,Wisconsin,Oconto,Donald Trump,4409.0,Republican
3133,Idaho,Bannock,Ted Cruz,4404.0,Republican
1082,Arkansas,White,Ted Cruz,4395.0,Republican
574,Arizona,Yuma,Donald Trump,4390.0,Republican
395,Alabama,Russell,Hillary Clinton,4381.0,Democrat
17197,Wisconsin,Green,Bernie Sanders,4359.0,Democrat
15513,Texas,Upshur,Ted Cruz,4358.0,Republican
15032,Texas,Maverick,Hillary Clinton,4342.0,Democrat
2420,Georgia,Gordon,Donald Trump,4339.0,Republican
9985,New Mexico,Taos,Bernie Sanders,4325.0,Democrat
12417,Pennsylvania,Mifflin,Donald Trump,4310.0,Republican
3786,Illinois,Ogle,Ted Cruz,4307.0,Republican
110,Alabama,Coffee,Donald Trump,4304.0,Republican
17167,Wisconsin,Dunn,Bernie Sanders,4272.0,Democrat
17379,Wisconsin,Shawano,Donald Trump,4269.0,Republican
7714,Mississippi,Forrest,Donald Trump,4267.0,Republican
13316,Tennessee,Carter,Donald Trump,4266.0,Republican
2854,Georgia,Spalding,Donald Trump,4257.0,Republican
4101,Indiana,Gibson,Donald Trump,4237.0,Republican
8370,Missouri,Howell,Donald Trump,4230.0,Republican
12277,Pennsylvania,Clarion,Donald Trump,4224.0,Republican
17099,Wisconsin,Barron,Donald Trump,4217.0,Republican
10813,North Carolina,Surry,Donald Trump,4213.0,Republican
13992,Texas,Bastrop,Ted Cruz,4202.0,Republican
13617,Tennessee,Loudon,Donald Trump,4198.0,Republican
16389,Virginia,Pittsylvania,Donald Trump,4198.0,Republican
17003,West Virginia,Preston,Donald Trump,4187.0,Republican
159,Alabama,Dale,Donald Trump,4151.0,Republican
5651,Iowa,Scott,Bernie Sanders,4144.0,Democrat
14258,Texas,Cooke,Ted Cruz,4143.0,Republican
2959,Georgia,Troup,Donald Trump,4140.0,Republican
8759,Missouri,Webster,Ted Cruz,4124.0,Republican
10170,New York,Ontario,Donald Trump,4122.0,Republican
689,Arkansas,Craighead,Ted Cruz,4108.0,Republican
4146,Indiana,Huntington,Donald Trump,4100.0,Republican
9005,Montana,Silver Bow,Hillary Clinton,4089.0,Democrat
13764,Tennessee,Robertson,Donald Trump,4077.0,Republican
11228,Ohio,Logan,Donald Trump,4064.0,Republican
4433,Indiana,Whitley,Ted Cruz,4064.0,Republican
8659,Missouri,St. Francois,Donald Trump,4061.0,Republican
10723,North Carolina,Pender,Donald Trump,4033.0,Republican
878,Arkansas,Lonoke,Ted Cruz,4028.0,Republican
14104,Texas,Burnet,Ted Cruz,4026.0,Republican
7239,Michigan,Isabella,Bernie Sanders,4024.0,Democrat
6953,Massachusetts,Barnstable,Bernie Sanders,4020.0,Democrat
11187,Ohio,Huron,John Kasich,4019.0,Republican
14672,Texas,Hill,Ted Cruz,4003.0,Republican
10043,New York,Chemung,Donald Trump,3982.0,Republican
11073,Ohio,Defiance,John Kasich,3956.0,Republican
10113,New York,Herkimer,Donald Trump,3955.0,Republican
11469,Ohio,Williams,John Kasich,3943.0,Republican
1355,California,Tehama,Donald Trump,3940.0,Republican
4396,Indiana,Wabash,Donald Trump,3932.0,Republican
8708,Missouri,Stone,Donald Trump,3928.0,Republican
115,Alabama,Colbert,Hillary Clinton,3879.0,Democrat
16983,West Virginia,Ohio,Donald Trump,3875.0,Republican
10559,North Carolina,Haywood,Bernie Sanders,3873.0,Democrat
10477,North Carolina,Davie,Donald Trump,3847.0,Republican
12407,Pennsylvania,McKean,Donald Trump,3845.0,Republican
11168,Ohio,Highland,Donald Trump,3831.0,Republican
11892,Oklahoma,Payne,Bernie Sanders,3829.0,Democrat
4423,Indiana,Wells,Ted Cruz,3826.0,Republican
11617,Oklahoma,Creek,Ted Cruz,3812.0,Republican
11590,Oklahoma,Comanche,Bernie Sanders,3804.0,Democrat
595,Arkansas,Baxter,Donald Trump,3798.0,Republican
10788,North Carolina,Sampson,Hillary Clinton,3790.0,Democrat
10807,North Carolina,Stokes,Donald Trump,3776.0,Republican
14167,Texas,Chambers,Ted Cruz,3758.0,Republican
7493,Michigan,Tuscola,Donald Trump,3750.0,Republican
9102,Nebraska,Buffalo,Donald Trump,3748.0,Republican
1791,Florida,Levy,Donald Trump,3745.0,Republican
12472,Pennsylvania,Snyder,Donald Trump,3745.0,Republican
12771,South Carolina,Kershaw,Hillary Clinton,3743.0,Democrat
4316,Indiana,Ripley,Donald Trump,3694.0,Republican
7497,Michigan,Van Buren,Bernie Sanders,3656.0,Democrat
2329,Georgia,Effingham,Donald Trump,3648.0,Republican
4526,Iowa,Black Hawk,Bernie Sanders,3647.0,Democrat
13757,Tennessee,Roane,Donald Trump,3634.0,Republican
10440,North Carolina,Columbus,Hillary Clinton,3628.0,Democrat
3554,Illinois,Grundy,Donald Trump,3625.0,Republican
13834,Tennessee,Tipton,Donald Trump,3618.0,Republican
9860,New Mexico,Chaves,Donald Trump,3612.0,Republican
1110,California,Amador,Donald Trump,3605.0,Republican
13624,Tennessee,McMinn,Donald Trump,3604.0,Republican
318,Alabama,Marengo,Hillary Clinton,3590.0,Democrat
12739,South Carolina,Greenwood,Hillary Clinton,3588.0,Democrat
1330,California,Siskiyou,Donald Trump,3573.0,Republican
12659,South Carolina,Clarendon,Hillary Clinton,3564.0,Democrat
6887,Maryland,Garrett,Donald Trump,3564.0,Republican
7394,Michigan,Newaygo,Ted Cruz,3557.0,Republican
3709,Illinois,Macoupin,Bernie Sanders,3552.0,Democrat
12527,Pennsylvania,Wyoming,Donald Trump,3547.0,Republican
6454,Kentucky,McCracken,Bernie Sanders,3541.0,Democrat
10578,North Carolina,Hoke,Hillary Clinton,3528.0,Democrat
11829,Oklahoma,Muskogee,Bernie Sanders,3515.0,Democrat
10028,New York,Cattaraugus,Donald Trump,3503.0,Republican
16953,West Virginia,Mineral,Donald Trump,3481.0,Republican
7067,Michigan,Barry,Donald Trump,3478.0,Republican
17397,Wisconsin,Vernon,Bernie Sanders,3476.0,Democrat
3151,Idaho,Bingham,Ted Cruz,3471.0,Republican
10350,North Carolina,Bladen,Hillary Clinton,3442.0,Democrat
11307,Ohio,Morrow,John Kasich,3440.0,Republican
10891,North Carolina,Yadkin,Donald Trump,3436.0,Republican
8575,Missouri,Phelps,Donald Trump,3425.0,Republican
14511,Texas,Gillespie,Ted Cruz,3421.0,Republican
9966,New Mexico,San Miguel,Hillary Clinton,3418.0,Democrat
17157,Wisconsin,Door,Bernie Sanders,3417.0,Democrat
9882,New Mexico,Eddy,Donald Trump,3409.0,Republican
11913,Oklahoma,Pottawatomie,Bernie Sanders,3400.0,Democrat
16018,Virginia,Campbell,Donald Trump,3399.0,Republican
15562,Texas,Waller,Ted Cruz,3391.0,Republican
698,Arkansas,Crittenden,Hillary Clinton,3379.0,Democrat
7695,Mississippi,Copiah,Hillary Clinton,3373.0,Democrat
15128,Texas,Navarro,Ted Cruz,3372.0,Republican
4171,Indiana,Jennings,Donald Trump,3361.0,Republican
467,Alabama,Winston,Donald Trump,3352.0,Republican
8569,Missouri,Pettis,Donald Trump,3343.0,Republican
458,Alabama,Wilcox,Hillary Clinton,3337.0,Democrat
16707,Washington,Kittitas,Donald Trump,3337.0,Republican
12034,Oregon,Clatsop,Bernie Sanders,3334.0,Democrat
14265,Texas,Coryell,Ted Cruz,3327.0,Republican
12789,South Carolina,Laurens,Donald Trump,3321.0,Republican
4051,Indiana,Decatur,Donald Trump,3319.0,Republican
15692,Utah,Box Elder,Ted Cruz,3314.0,Republican
2399,Georgia,Gilmer,Donald Trump,3314.0,Republican
7761,Mississippi,Holmes,Hillary Clinton,3301.0,Democrat
2448,Georgia,Habersham,Donald Trump,3289.0,Republican
14413,Texas,Erath,Ted Cruz,3286.0,Republican
7475,Michigan,Sanilac,Donald Trump,3279.0,Republican
8181,Missouri,Callaway,Ted Cruz,3261.0,Republican
9937,New Mexico,Otero,Donald Trump,3256.0,Republican
17404,Wisconsin,Vilas,Donald Trump,3241.0,Republican
15590,Texas,Wharton,Ted Cruz,3229.0,Republican
14693,Texas,Hopkins,Ted Cruz,3213.0,Republican
1385,California,Yuba,Donald Trump,3210.0,Republican
6111,Kentucky,Bullitt,Bernie Sanders,3210.0,Democrat
13971,Texas,Austin,Ted Cruz,3201.0,Republican
13351,Tennessee,Cocke,Donald Trump,3200.0,Republican
17207,Wisconsin,Iowa,Bernie Sanders,3198.0,Democrat
4296,Indiana,Posey,Donald Trump,3159.0,Republican
3462,Illinois,Coles,Donald Trump,3156.0,Republican
3169,Idaho,Bonner,Ted Cruz,3132.0,Republican
10001,New Mexico,Valencia,Hillary Clinton,3123.0,Democrat
9907,New Mexico,Lea,Donald Trump,3112.0,Republican
2084,Georgia,Bulloch,Donald Trump,3111.0,Republican
215,Alabama,Geneva,Donald Trump,3106.0,Republican
6932,Maryland,Talbot,Donald Trump,3104.0,Republican
3943,Illinois,Whiteside,Bernie Sanders,3102.0,Democrat
2707,Georgia,Murray,Donald Trump,3084.0,Republican
980,Arkansas,Pope,Donald Trump,3073.0,Republican
519,Arizona,Gila,Donald Trump,3065.0,Republican
7924,Mississippi,Panola,Hillary Clinton,3061.0,Democrat
7199,Michigan,Hillsdale,Donald Trump,3060.0,Republican
12051,Oregon,Crook,Donald Trump,3051.0,Republican
7373,Michigan,Montcalm,Donald Trump,3051.0,Republican
15338,Texas,San Patricio,Ted Cruz,3047.0,Republican
3894,Illinois,Stephenson,Ted Cruz,3038.0,Republican
10482,North Carolina,Duplin,Hillary Clinton,3036.0,Democrat
7641,Mississippi,Bolivar,Hillary Clinton,3029.0,Democrat
11132,Ohio,Guernsey,Donald Trump,3029.0,Republican
11899,Oklahoma,Pittsburg,Bernie Sanders,3026.0,Democrat
8702,Missouri,Stoddard,Donald Trump,3024.0,Republican
10033,New York,Cayuga,Donald Trump,3024.0,Republican
11666,Oklahoma,Grady,Ted Cruz,3020.0,Republican
16873,West Virginia,Greenbrier,Donald Trump,3005.0,Republican
2357,Georgia,Fannin,Donald Trump,3001.0,Republican
9824,New Jersey,Salem,Donald Trump,2994.0,Republican
2217,Georgia,Colquitt,Donald Trump,2967.0,Republican
10734,North Carolina,Person,Hillary Clinton,2954.0,Democrat
12056,Oregon,Curry,Donald Trump,2936.0,Republican
12667,South Carolina,Colleton,Hillary Clinton,2932.0,Democrat
10572,North Carolina,Hertford,Hillary Clinton,2926.0,Democrat
7618,Mississippi,Alcorn,Donald Trump,2901.0,Republican
11114,Ohio,Gallia,Donald Trump,2900.0,Republican
7767,Mississippi,Humphreys,Hillary Clinton,2894.0,Democrat
1935,Florida,Suwannee,Donald Trump,2844.0,Republican
3590,Illinois,Iroquois,Donald Trump,2836.0,Republican
10312,North Carolina,Alexander,Ted Cruz,2830.0,Republican
16732,Washington,Okanogan,Donald Trump,2828.0,Republican
2469,Georgia,Haralson,Donald Trump,2818.0,Republican
15177,Texas,Palo Pinto,Ted Cruz,2813.0,Republican
7221,Michigan,Ionia,Bernie Sanders,2812.0,Democrat
11652,Oklahoma,Garfield,Ted Cruz,2798.0,Republican
17229,Wisconsin,Juneau,Donald Trump,2780.0,Republican
11048,Ohio,Coshocton,Donald Trump,2747.0,Republican
4086,Indiana,Fountain,Donald Trump,2742.0,Republican
899,Arkansas,Miller,Ted Cruz,2741.0,Republican
5696,Iowa,Story,Bernie Sanders,2737.0,Democrat
13400,Tennessee,Dickson,Donald Trump,2730.0,Republican
6575,Kentucky,Oldham,Hillary Clinton,2730.0,Democrat
2931,Georgia,Tift,Donald Trump,2697.0,Republican
950,Arkansas,Phillips,Hillary Clinton,2696.0,Democrat
11439,Ohio,Van Wert,John Kasich,2688.0,Republican
4271,Indiana,Owen,Donald Trump,2679.0,Republican
10794,North Carolina,Scotland,Hillary Clinton,2671.0,Democrat
8726,Missouri,Texas,Donald Trump,2659.0,Republican
6051,Kentucky,Barren,Bernie Sanders,2653.0,Democrat
10465,North Carolina,Dare,Donald Trump,2650.0,Republican
2924,Georgia,Thomas,Donald Trump,2649.0,Republican
2266,Georgia,Dawson,Donald Trump,2649.0,Republican
12317,Pennsylvania,Elk,Donald Trump,2647.0,Republican
6273,Kentucky,Graves,Bernie Sanders,2631.0,Democrat
10188,New York,Otsego,Bernie Sanders,2623.0,Democrat
16074,Virginia,Culpeper,Donald Trump,2620.0,Republican
17102,Wisconsin,Bayfield,Bernie Sanders,2604.0,Democrat
7161,Michigan,Emmet,Bernie Sanders,2589.0,Democrat
1255,California,Plumas,Donald Trump,2588.0,Republican
7517,Michigan,Wexford,Donald Trump,2578.0,Republican
4191,Indiana,LaGrange,Donald Trump,2571.0,Republican
17,Alabama,Barbour,Hillary Clinton,2567.0,Democrat
10633,North Carolina,McDowell,Donald Trump,2552.0,Republican
12131,Oregon,Malheur,Donald Trump,2543.0,Republican
10180,New York,Orleans,Donald Trump,2532.0,Republican
13323,Tennessee,Cheatham,Donald Trump,2530.0,Republican
658,Arkansas,Cleburne,Donald Trump,2530.0,Republican
12084,Oregon,Hood River,Bernie Sanders,2527.0,Democrat
7817,Mississippi,Lafayette,Donald Trump,2521.0,Republican
6857,Maryland,Caroline,Donald Trump,2521.0,Republican
16396,Virginia,Powhatan,Donald Trump,2509.0,Republican
1185,California,Lassen,Donald Trump,2508.0,Republican
4887,Iowa,Dubuque,Hillary Clinton,2504.0,Democrat
7952,Mississippi,Pontotoc,Ted Cruz,2498.0,Republican
16228,Virginia,Isle of Wight,Donald Trump,2497.0,Republican
11786,Oklahoma,McClain,Ted Cruz,2484.0,Republican
17241,Wisconsin,Kewaunee,Ted Cruz,2481.0,Republican
10716,North Carolina,Pasquotank,Hillary Clinton,2471.0,Democrat
4346,Indiana,Starke,Donald Trump,2456.0,Republican
7091,Michigan,Branch,Donald Trump,2455.0,Republican
2623,Georgia,Lumpkin,Donald Trump,2453.0,Republican
38,Alabama,Bullock,Hillary Clinton,2451.0,Democrat
17392,Wisconsin,Trempealeau,Bernie Sanders,2429.0,Democrat
11961,Oklahoma,Stephens,Ted Cruz,2428.0,Republican
227,Alabama,Hale,Hillary Clinton,2426.0,Democrat
16956,West Virginia,Mingo,Bernie Sanders,2425.0,Democrat
7985,Mississippi,Simpson,Donald Trump,2420.0,Republican
14728,Texas,Hutchinson,Ted Cruz,2418.0,Republican
15797,Utah,Tooele,Ted Cruz,2412.0,Republican
17254,Wisconsin,Langlade,Donald Trump,2407.0,Republican
13407,Tennessee,Dyer,Donald Trump,2400.0,Republican
16480,Virginia,Shenandoah,Donald Trump,2400.0,Republican
9447,Nebraska,Scotts Bluff,Donald Trump,2397.0,Republican
6557,Kentucky,Nelson,Hillary Clinton,2395.0,Democrat
17434,Wisconsin,Waushara,Donald Trump,2391.0,Republican
11872,Oklahoma,Osage,Hillary Clinton,2390.0,Democrat
12367,Pennsylvania,Juniata,Donald Trump,2390.0,Republican
7918,Mississippi,Oktibbeha,Hillary Clinton,2389.0,Democrat
10048,New York,Chenango,Donald Trump,2384.0,Republican
11270,Ohio,Meigs,Donald Trump,2378.0,Republican
10459,North Carolina,Currituck,Donald Trump,2368.0,Republican
4321,Indiana,Rush,Donald Trump,2362.0,Republican
7287,Michigan,Leelanau,Bernie Sanders,2359.0,Democrat
4341,Indiana,Spencer,Donald Trump,2350.0,Republican
13750,Tennessee,Rhea,Donald Trump,2339.0,Republican
15331,Texas,San Jacinto,Ted Cruz,2333.0,Republican
13964,Texas,Atascosa,Ted Cruz,2333.0,Republican
8002,Mississippi,Sunflower,Hillary Clinton,2332.0,Democrat
12021,Oregon,Baker,Donald Trump,2330.0,Republican
15881,Vermont,Rutland,Bernie Sanders,2318.0,Democrat
6396,Kentucky,Laurel,Donald Trump,2313.0,Republican
10320,North Carolina,Anson,Hillary Clinton,2307.0,Democrat
7689,Mississippi,Coahoma,Hillary Clinton,2301.0,Democrat
16712,Washington,Klickitat,Donald Trump,2289.0,Republican
15737,Utah,Iron,Ted Cruz,2287.0,Republican
16622,Washington,Asotin,Donald Trump,2270.0,Republican
13985,Texas,Bandera,Ted Cruz,2268.0,Republican
6081,Kentucky,Boyd,Bernie Sanders,2262.0,Democrat
7451,Michigan,Roscommon,Donald Trump,2257.0,Republican
7901,Mississippi,Neshoba,Donald Trump,2249.0,Republican
7726,Mississippi,George,Donald Trump,2245.0,Republican
6129,Kentucky,Calloway,Bernie Sanders,2239.0,Democrat
14378,Texas,Eastland,Ted Cruz,2221.0,Republican
2077,Georgia,Bryan,Donald Trump,2214.0,Republican
16978,West Virginia,Nicholas,Donald Trump,2210.0,Republican
14539,Texas,Gray,Ted Cruz,2210.0,Republican
14560,Texas,Grimes,Ted Cruz,2207.0,Republican
12159,Oregon,Tillamook,Bernie Sanders,2207.0,Democrat
14476,Texas,Freestone,Ted Cruz,2204.0,Republican
13150,South Dakota,Meade,Donald Trump,2204.0,Republican
8092,Mississippi,Yazoo,Hillary Clinton,2203.0,Democrat
1851,Florida,Okeechobee,Donald Trump,2202.0,Republican
4161,Indiana,Jay,Donald Trump,2194.0,Republican
11736,Oklahoma,Kay,Ted Cruz,2190.0,Republican
15990,Virginia,Botetourt,Donald Trump,2185.0,Republican
3408,Illinois,Bureau,Donald Trump,2185.0,Republican
15086,Texas,Montague,Ted Cruz,2163.0,Republican
14953,Texas,Llano,Ted Cruz,2161.0,Republican
17206,Wisconsin,Green Lake,Ted Cruz,2146.0,Republican
15802,Utah,Uintah,Ted Cruz,2144.0,Republican
11815,Oklahoma,Mayes,Bernie Sanders,2144.0,Democrat
10828,North Carolina,Transylvania,Ted Cruz,2139.0,Republican
3284,Idaho,Latah,Ted Cruz,2134.0,Republican
12827,South Carolina,Marlboro,Hillary Clinton,2132.0,Democrat
14041,Texas,Bosque,Ted Cruz,2132.0,Republican
16878,West Virginia,Hampshire,Donald Trump,2125.0,Republican
15836,Vermont,Bennington,Bernie Sanders,2121.0,Democrat
12835,South Carolina,Newberry,Hillary Clinton,2118.0,Democrat
6363,Kentucky,Jessamine,Bernie Sanders,2113.0,Democrat
7343,Michigan,Mecosta,Donald Trump,2113.0,Republican
15030,Texas,Matagorda,Ted Cruz,2109.0,Republican
936,Arkansas,Ouachita,Hillary Clinton,2095.0,Democrat
3211,Idaho,Cassia,Ted Cruz,2095.0,Republican
16284,Virginia,Louisa,Donald Trump,2094.0,Republican
7852,Mississippi,Leflore,Hillary Clinton,2094.0,Democrat
13940,Texas,Aransas,Donald Trump,2091.0,Republican
7115,Michigan,Cheboygan,Donald Trump,2089.0,Republican
798,Arkansas,Independence,Donald Trump,2077.0,Republican
14679,Texas,Hockley,Ted Cruz,2073.0,Republican
15613,Texas,Willacy,Hillary Clinton,2072.0,Democrat
16802,Washington,Whitman,Donald Trump,2071.0,Republican
15913,Virginia,Accomack,Donald Trump,2068.0,Republican
10344,North Carolina,Bertie,Hillary Clinton,2065.0,Democrat
3103,Hawaii,Kauai,Bernie Sanders,2049.0,Democrat
7203,Michigan,Houghton,Bernie Sanders,2039.0,Democrat
16737,Washington,Pacific,Donald Trump,2038.0,Republican
17374,Wisconsin,Sawyer,Donald Trump,2034.0,Republican
8018,Mississippi,Tate,Ted Cruz,2034.0,Republican
15506,Texas,Tyler,Ted Cruz,2032.0,Republican
122,Alabama,Conecuh,Hillary Clinton,2031.0,Democrat
13337,Tennessee,Claiborne,Donald Trump,2022.0,Republican
1269,California,San Benito,Hillary Clinton,2022.0,Democrat
901,Arkansas,Mississippi,Hillary Clinton,2017.0,Democrat
11174,Ohio,Hocking,Donald Trump,2007.0,Republican
3008,Georgia,Ware,Donald Trump,1998.0,Republican
7127,Michigan,Clare,Donald Trump,1996.0,Republican
4276,Indiana,Parke,Donald Trump,1996.0,Republican
10327,North Carolina,Ashe,Donald Trump,1993.0,Republican
8996,Montana,Sanders,Donald Trump,1992.0,Republican
16408,Virginia,Prince George,Hillary Clinton,1992.0,Democrat
8841,Montana,Fergus,Donald Trump,1975.0,Republican
7229,Michigan,Iosco,Donald Trump,1973.0,Republican
7049,Michigan,Antrim,Donald Trump,1969.0,Republican
15669,Texas,Zapata,Hillary Clinton,1969.0,Democrat
16831,West Virginia,Brooke,Bernie Sanders,1966.0,Democrat
14230,Texas,Colorado,Ted Cruz,1956.0,Republican
7145,Michigan,Delta,Donald Trump,1954.0,Republican
8021,Mississippi,Tippah,Donald Trump,1951.0,Republican
15667,Texas,Young,Ted Cruz,1945.0,Republican
1205,California,Mariposa,Donald Trump,1940.0,Republican
16093,Virginia,Dinwiddie,Hillary Clinton,1935.0,Democrat
12747,South Carolina,Hampton,Hillary Clinton,1930.0,Democrat
16742,Washington,Pend Oreille,Donald Trump,1928.0,Republican
17414,Wisconsin,Washburn,Donald Trump,1926.0,Republican
5876,Iowa,Woodbury,Bernie Sanders,1920.0,Democrat
2987,Georgia,Upson,Donald Trump,1910.0,Republican
13442,Tennessee,Giles,Donald Trump,1910.0,Republican
13708,Tennessee,Obion,Donald Trump,1908.0,Republican
7780,Mississippi,Itawamba,Donald Trump,1905.0,Republican
16167,Virginia,Goochland,Marco Rubio,1903.0,Republican
3614,Illinois,Jersey,Donald Trump,1902.0,Republican
8941,Montana,Park,Donald Trump,1901.0,Republican
11481,Ohio,Wyandot,John Kasich,1896.0,Republican
3085,Georgia,Worth,Donald Trump,1890.0,Republican
15478,Texas,Titus,Ted Cruz,1890.0,Republican
7109,Michigan,Charlevoix,Donald Trump,1886.0,Republican
15065,Texas,Milam,Ted Cruz,1885.0,Republican
7043,Michigan,Alpena,Donald Trump,1885.0,Republican
2098,Georgia,Butts,Donald Trump,1884.0,Republican
11864,Oklahoma,Okmulgee,Bernie Sanders,1882.0,Democrat
10061,New York,Cortland,Bernie Sanders,1878.0,Democrat
8768,Missouri,Wright,Donald Trump,1874.0,Republican
16564,Virginia,Wythe,Donald Trump,1873.0,Republican
11948,Oklahoma,Sequoyah,Bernie Sanders,1872.0,Democrat
14478,Texas,Frio,Hillary Clinton,1864.0,Democrat
1689,Florida,Gilchrist,Donald Trump,1860.0,Republican
2483,Georgia,Hart,Donald Trump,1858.0,Republican
3804,Illinois,Piatt,Ted Cruz,1855.0,Republican
8027,Mississippi,Tishomingo,Donald Trump,1854.0,Republican
13631,Tennessee,McNairy,Donald Trump,1822.0,Republican
13848,Tennessee,Unicoi,Donald Trump,1813.0,Republican
7191,Michigan,Gratiot,Bernie Sanders,1812.0,Democrat
2014,Georgia,Banks,Donald Trump,1806.0,Republican
14352,Texas,Dimmit,Hillary Clinton,1804.0,Democrat
12179,Oregon,Wasco,Bernie Sanders,1795.0,Democrat
6418,Kentucky,Letcher,Bernie Sanders,1788.0,Democrat
10333,North Carolina,Avery,Donald Trump,1785.0,Republican
8304,Missouri,Dunklin,Donald Trump,1781.0,Republican
15529,Texas,Val Verde,Hillary Clinton,1777.0,Democrat
15941,Virginia,Amherst,Donald Trump,1777.0,Republican
10663,North Carolina,Mitchell,Donald Trump,1775.0,Republican
7175,Michigan,Gladwin,Donald Trump,1774.0,Republican
80,Alabama,Choctaw,Hillary Clinton,1772.0,Democrat
9442,Nebraska,Saunders,Donald Trump,1772.0,Republican
13449,Tennessee,Grainger,Donald Trump,1767.0,Republican
13890,Tennessee,Weakley,Donald Trump,1764.0,Republican
677,Arkansas,Conway,Hillary Clinton,1755.0,Democrat
4386,Indiana,Vermillion,Donald Trump,1748.0,Republican
12432,Pennsylvania,Montour,Donald Trump,1744.0,Republican
16487,Virginia,Smyth,Donald Trump,1744.0,Republican
17066,West Virginia,Wetzel,Bernie Sanders,1744.0,Democrat
17023,West Virginia,Ritchie,Donald Trump,1740.0,Republican
15522,Texas,Uvalde,Hillary Clinton,1740.0,Democrat
14863,Texas,Kleberg,Hillary Clinton,1738.0,Democrat
2805,Georgia,Rabun,Donald Trump,1732.0,Republican
7738,Mississippi,Grenada,Donald Trump,1727.0,Republican
7259,Michigan,Kalkaska,Donald Trump,1724.0,Republican
13489,Tennessee,Hardeman,Hillary Clinton,1721.0,Democrat
6099,Kentucky,Breathitt,Bernie Sanders,1716.0,Democrat
12587,South Carolina,Bamberg,Hillary Clinton,1715.0,Democrat
14097,Texas,Burleson,Ted Cruz,1711.0,Republican
7151,Michigan,Dickinson,Donald Trump,1708.0,Republican
14896,Texas,Lampasas,Ted Cruz,1705.0,Republican
10398,North Carolina,Caswell,Hillary Clinton,1701.0,Democrat
1150,California,Glenn,Donald Trump,1699.0,Republican
7406,Michigan,Oceana,Ted Cruz,1698.0,Republican
14532,Texas,Gonzales,Ted Cruz,1698.0,Republican
14125,Texas,Callahan,Ted Cruz,1689.0,Republican
8292,Missouri,Dent,Donald Trump,1688.0,Republican
2747,Georgia,Peach,Hillary Clinton,1675.0,Democrat
2161,Georgia,Chattooga,Donald Trump,1674.0,Republican
17339,Wisconsin,Price,Donald Trump,1673.0,Republican
1959,Florida,Wakulla,Donald Trump,1664.0,Republican
9011,Montana,Stillwater,Donald Trump,1658.0,Republican
6291,Kentucky,Greenup,Bernie Sanders,1655.0,Democrat
7077,Michigan,Benzie,Bernie Sanders,1650.0,Democrat
6088,Kentucky,Boyle,Hillary Clinton,1648.0,Democrat
1513,Colorado,Weld,Bernie Sanders,1647.0,Democrat
7323,Michigan,Manistee,Bernie Sanders,1646.0,Democrat
8121,Missouri,Audrain,Ted Cruz,1642.0,Republican
6550,Kentucky,Muhlenberg,Bernie Sanders,1632.0,Democrat
17119,Wisconsin,Burnett,Donald Trump,1628.0,Republican
8776,Montana,Beaverhead,Donald Trump,1626.0,Republican
16340,Virginia,New Kent,Donald Trump,1626.0,Republican
12683,South Carolina,Dillon,Hillary Clinton,1615.0,Democrat
7840,Mississippi,Leake,Hillary Clinton,1614.0,Democrat
7409,Michigan,Ogemaw,Donald Trump,1612.0,Republican
13080,South Dakota,Hughes,Donald Trump,1606.0,Republican
526,Arizona,Graham,Ted Cruz,1606.0,Republican
14078,Texas,Brooks,Hillary Clinton,1603.0,Democrat
3687,Illinois,McDonough,Donald Trump,1599.0,Republican
7955,Mississippi,Prentiss,Donald Trump,1597.0,Republican
784,Arkansas,Hot Spring,Donald Trump,1597.0,Republican
9864,New Mexico,Cibola,Hillary Clinton,1586.0,Democrat
3320,Idaho,Nez Perce,Ted Cruz,1583.0,Republican
13715,Tennessee,Overton,Donald Trump,1582.0,Republican
8449,Missouri,McDonald,Donald Trump,1580.0,Republican
5591,Iowa,Pottawattamie,Bernie Sanders,1573.0,Democrat
8623,Missouri,Ray,Donald Trump,1565.0,Republican
3500,Illinois,Edgar,Donald Trump,1562.0,Republican
8133,Missouri,Barton,Ted Cruz,1560.0,Republican
12595,South Carolina,Barnwell,Hillary Clinton,1560.0,Democrat
15676,Texas,Zavala,Hillary Clinton,1557.0,Democrat
12542,Rhode Island,Newport,Bernie Sanders,1552.0,Democrat
11534,Oklahoma,Caddo,Bernie Sanders,1543.0,Democrat
1135,California,Del Norte,Donald Trump,1536.0,Republican
15812,Utah,Wasatch,Ted Cruz,1529.0,Republican
5694,Iowa,Sioux,Ted Cruz,1524.0,Republican
7629,Mississippi,Attala,Hillary Clinton,1519.0,Democrat
2938,Georgia,Toombs,Donald Trump,1513.0,Republican
6029,Kentucky,Adair,Donald Trump,1512.0,Republican
14006,Texas,Bee,Ted Cruz,1509.0,Republican
11653,Oklahoma,Garvin,Bernie Sanders,1505.0,Democrat
12555,South Carolina,Abbeville,Hillary Clinton,1501.0,Democrat
145,Alabama,Crenshaw,Donald Trump,1496.0,Republican
11624,Oklahoma,Custer,Ted Cruz,1491.0,Republican
2343,Georgia,Emanuel,Donald Trump,1489.0,Republican
12699,South Carolina,Edgefield,Hillary Clinton,1474.0,Democrat
12990,South Dakota,Codington,Donald Trump,1473.0,Republican
1457,Colorado,La Plata,Bernie Sanders,1466.0,Democrat
2663,Georgia,Meriwether,Hillary Clinton,1463.0,Democrat
8106,Missouri,Andrew,Donald Trump,1457.0,Republican
16249,Virginia,King George,Donald Trump,1437.0,Republican
15499,Texas,Trinity,Ted Cruz,1435.0,Republican
3247,Idaho,Fremont,Ted Cruz,1434.0,Republican
8316,Missouri,Gasconade,Donald Trump,1429.0,Republican
9916,New Mexico,Los Alamos,Hillary Clinton,1424.0,Democrat
14772,Texas,Jim Hogg,Hillary Clinton,1421.0,Democrat
10227,New York,Schoharie,Donald Trump,1419.0,Republican
13421,Tennessee,Fentress,Donald Trump,1418.0,Republican
1165,California,Inyo,Donald Trump,1414.0,Republican
9222,Nebraska,Gage,Donald Trump,1407.0,Republican
8217,Missouri,Cedar,Ted Cruz,1404.0,Republican
9587,Nevada,Lyon,Donald Trump,1399.0,Republican
7659,Mississippi,Chickasaw,Hillary Clinton,1398.0,Democrat
7912,Mississippi,Noxubee,Hillary Clinton,1397.0,Democrat
2336,Georgia,Elbert,Donald Trump,1394.0,Republican
3253,Idaho,Gem,Ted Cruz,1391.0,Republican
10895,North Carolina,Yancey,Bernie Sanders,1386.0,Democrat
14027,Texas,Blanco,Ted Cruz,1379.0,Republican
16375,Virginia,Page,Donald Trump,1377.0,Republican
8521,Missouri,New Madrid,Donald Trump,1376.0,Republican
586,Arkansas,Ashley,Hillary Clinton,1375.0,Democrat
8500,Missouri,Moniteau,Ted Cruz,1374.0,Republican
635,Arkansas,Chicot,Hillary Clinton,1370.0,Democrat
8259,Missouri,Cooper,Ted Cruz,1369.0,Republican
16401,Virginia,Prince Edward,Hillary Clinton,1366.0,Democrat
3338,Idaho,Payette,Ted Cruz,1364.0,Republican
15142,Texas,Nolan,Ted Cruz,1361.0,Republican
2945,Georgia,Towns,Donald Trump,1356.0,Republican
16128,Virginia,Fluvanna,Hillary Clinton,1355.0,Democrat
13929,Texas,Andrews,Ted Cruz,1349.0,Republican
1539,Connecticut,New London,Bernie Sanders,1343.0,Democrat
719,Arkansas,Desha,Hillary Clinton,1342.0,Democrat
15717,Utah,Duchesne,Ted Cruz,1342.0,Republican
1125,California,Colusa,Donald Trump,1342.0,Republican
8008,Mississippi,Tallahatchie,Hillary Clinton,1341.0,Democrat
3741,Illinois,Massac,Donald Trump,1341.0,Republican
12081,Oregon,Harney,Donald Trump,1335.0,Republican
13533,Tennessee,Hickman,Donald Trump,1325.0,Republican
16826,West Virginia,Braxton,Bernie Sanders,1321.0,Democrat
3780,Illinois,Moultrie,Ted Cruz,1321.0,Republican
11787,Oklahoma,McCurtain,Bernie Sanders,1314.0,Democrat
8136,Missouri,Bates,Donald Trump,1306.0,Republican
7349,Michigan,Menominee,Donald Trump,1304.0,Republican
12536,Rhode Island,Bristol,Bernie Sanders,1302.0,Democrat
9277,Nebraska,Holt,Donald Trump,1302.0,Republican
10297,New York,Yates,Donald Trump,1296.0,Republican
1719,Florida,Hendry,Donald Trump,1290.0,Republican
1979,Georgia,Appling,Donald Trump,1290.0,Republican
2630,Georgia,McDuffie,Donald Trump,1288.0,Republican
15782,Utah,Sanpete,Ted Cruz,1282.0,Republican
3527,Illinois,Ford,Ted Cruz,1281.0,Republican
14490,Texas,Gaines,Ted Cruz,1274.0,Republican
8148,Missouri,Bollinger,Donald Trump,1272.0,Republican
8074,Mississippi,Wilkinson,Hillary Clinton,1269.0,Democrat
8533,Missouri,Nodaway,Donald Trump,1268.0,Republican
15359,Texas,Scurry,Ted Cruz,1265.0,Republican
11794,Oklahoma,McIntosh,Bernie Sanders,1261.0,Democrat
1492,Colorado,Pueblo,Hillary Clinton,1260.0,Democrat
9382,Nebraska,Otoe,Donald Trump,1255.0,Republican
9307,Nebraska,Keith,Donald Trump,1253.0,Republican
726,Arkansas,Drew,Hillary Clinton,1250.0,Democrat
9036,Montana,Valley,Donald Trump,1250.0,Republican
12877,South Carolina,Saluda,Donald Trump,1248.0,Republican
12176,Oregon,Wallowa,Donald Trump,1245.0,Republican
13302,Tennessee,Cannon,Donald Trump,1244.0,Republican
1044,Arkansas,Sharp,Donald Trump,1241.0,Republican
12017,Oklahoma,Woodward,Ted Cruz,1235.0,Republican
131,Alabama,Coosa,Donald Trump,1233.0,Republican
2735,Georgia,Oglethorpe,Donald Trump,1230.0,Republican
2231,Georgia,Cook,Donald Trump,1229.0,Republican
16853,West Virginia,Doddridge,Donald Trump,1222.0,Republican
7361,Michigan,Missaukee,Donald Trump,1221.0,Republican
9132,Nebraska,Cherry,Donald Trump,1220.0,Republican
15314,Texas,Sabine,Donald Trump,1215.0,Republican
13950,Texas,Archer,Ted Cruz,1215.0,Republican
8086,Mississippi,Yalobusha,Hillary Clinton,1214.0,Democrat
7623,Mississippi,Amite,Hillary Clinton,1212.0,Democrat
15394,Texas,Somervell,Ted Cruz,1206.0,Republican
2252,Georgia,Crisp,Donald Trump,1204.0,Republican
16492,Virginia,Southampton,Hillary Clinton,1199.0,Democrat
9087,Nebraska,Box Butte,Donald Trump,1188.0,Republican
16382,Virginia,Patrick,Donald Trump,1182.0,Republican
9417,Nebraska,Red Willow,Donald Trump,1178.0,Republican
1549,Connecticut,Windham,Bernie Sanders,1171.0,Democrat
3272,Idaho,Jerome,Ted Cruz,1164.0,Republican
3314,Idaho,Minidoka,Ted Cruz,1163.0,Republican
2063,Georgia,Brantley,Donald Trump,1161.0,Republican
8557,Missouri,Pemiscot,Donald Trump,1155.0,Republican
16452,Virginia,Rockbridge,Donald Trump,1154.0,Republican
2259,Georgia,Dade,Donald Trump,1151.0,Republican
14420,Texas,Falls,Ted Cruz,1150.0,Republican
14209,Texas,Coleman,Ted Cruz,1149.0,Republican
8045,Mississippi,Walthall,Donald Trump,1143.0,Republican
7055,Michigan,Arenac,Donald Trump,1141.0,Republican
15303,Texas,Runnels,Ted Cruz,1132.0,Republican
16256,Virginia,King William,Donald Trump,1131.0,Republican
9137,Nebraska,Cheyenne,Donald Trump,1130.0,Republican
15263,Texas,Reeves,Hillary Clinton,1128.0,Democrat
9922,New Mexico,Luna,Donald Trump,1123.0,Republican
14889,Texas,Lamb,Ted Cruz,1121.0,Republican
16888,West Virginia,Hardy,Donald Trump,1119.0,Republican
6381,Kentucky,Knott,Bernie Sanders,1114.0,Democrat
1713,Florida,Hardee,Donald Trump,1113.0,Republican
7025,Michigan,Alcona,Donald Trump,1111.0,Republican
17189,Wisconsin,Forest,Donald Trump,1110.0,Republican
6076,Kentucky,Bourbon,Hillary Clinton,1109.0,Democrat
4676,Iowa,Cerro Gordo,Bernie Sanders,1108.0,Democrat
15233,Texas,Rains,Ted Cruz,1105.0,Republican
1653,Florida,Dixie,Donald Trump,1103.0,Republican
3390,Illinois,Bond,Donald Trump,1102.0,Republican
8551,Missouri,Ozark,Donald Trump,1099.0,Republican
1467,Colorado,Mesa,Bernie Sanders,1095.0,Democrat
6309,Kentucky,Harlan,Bernie Sanders,1092.0,Democrat
2896,Georgia,Tattnall,Donald Trump,1089.0,Republican
8781,Montana,Big Horn,Donald Trump,1087.0,Republican
14946,Texas,Live Oak,Ted Cruz,1081.0,Republican
8653,Missouri,Ste. Genevieve,Donald Trump,1080.0,Republican
16762,Washington,Skamania,Donald Trump,1078.0,Republican
8859,Montana,Glacier,Bernie Sanders,1074.0,Democrat
581,Arkansas,Arkansas,Donald Trump,1073.0,Republican
2532,Georgia,Jeff Davis,Donald Trump,1071.0,Republican
2490,Georgia,Heard,Donald Trump,1068.0,Republican
9636,Nevada,Carson City,Donald Trump,1066.0,Republican
4856,Iowa,Des Moines,Bernie Sanders,1066.0,Democrat
3750,Illinois,Menard,Ted Cruz,1064.0,Republican
17031,West Virginia,Summers,Bernie Sanders,1060.0,Democrat
15934,Virginia,Amelia,Donald Trump,1055.0,Republican
6990,Massachusetts,Nantucket,Bernie Sanders,1051.0,Democrat
9981,New Mexico,Socorro,Hillary Clinton,1050.0,Democrat
15261,Texas,Red River,Ted Cruz,1048.0,Republican
7379,Michigan,Montmorency,Donald Trump,1046.0,Republican
13785,Tennessee,Sequatchie,Donald Trump,1046.0,Republican
9548,Nevada,Elko,Ted Cruz,1039.0,Republican
1701,Florida,Gulf,Donald Trump,1038.0,Republican
966,Arkansas,Poinsett,Donald Trump,1036.0,Republican
15948,Virginia,Appomattox,Donald Trump,1033.0,Republican
8936,Montana,Musselshell,Donald Trump,1032.0,Republican
6161,Kentucky,Casey,Donald Trump,1029.0,Republican
11444,Ohio,Vinton,Donald Trump,1023.0,Republican
12571,South Carolina,Allendale,Hillary Clinton,1022.0,Democrat
2035,Georgia,Ben Hill,Donald Trump,1020.0,Republican
1220,California,Modoc,Donald Trump,1019.0,Republican
3996,Indiana,Blackford,Donald Trump,1019.0,Republican
9992,New Mexico,Torrance,Donald Trump,1016.0,Republican
9977,New Mexico,Sierra,Donald Trump,1013.0,Republican
1403,Colorado,Broomfield,Bernie Sanders,1010.0,Democrat
13274,Tennessee,Bledsoe,Donald Trump,1009.0,Republican
7810,Mississippi,Kemper,Hillary Clinton,1008.0,Democrat
8791,Montana,Broadwater,Donald Trump,1001.0,Republican
10711,North Carolina,Pamlico,Donald Trump,999.0,Republican
13365,Tennessee,Crockett,Donald Trump,995.0,Republican
14328,Texas,Deaf Smith,Ted Cruz,993.0,Republican
9931,New Mexico,Mora,Hillary Clinton,986.0,Democrat
7960,Mississippi,Quitman,Hillary Clinton,986.0,Democrat
8830,Montana,Deer Lodge,Hillary Clinton,986.0,Democrat
9601,Nevada,Nye,Donald Trump,980.0,Republican
10422,North Carolina,Chowan,Hillary Clinton,974.0,Democrat
12811,South Carolina,McCormick,Hillary Clinton,973.0,Democrat
707,Arkansas,Cross,Donald Trump,972.0,Republican
5471,Iowa,Muscatine,Bernie Sanders,972.0,Democrat
9952,New Mexico,Roosevelt,Donald Trump,966.0,Republican
8611,Missouri,Ralls,Donald Trump,961.0,Republican
8991,Montana,Rosebud,Donald Trump,959.0,Republican
11743,Oklahoma,Kingfisher,Ted Cruz,958.0,Republican
8467,Missouri,Maries,Donald Trump,958.0,Republican
6998,Massachusetts,Norfolk,Bernie Sanders,956.0,Democrat
12944,South Dakota,Brookings,Hillary Clinton,955.0,Democrat
13813,Tennessee,Stewart,Donald Trump,953.0,Republican
9869,New Mexico,Colfax,Hillary Clinton,949.0,Democrat
16662,Washington,Ferry,Donald Trump,949.0,Republican
14742,Texas,Jack,Ted Cruz,943.0,Republican
8539,Missouri,Oregon,Donald Trump,941.0,Republican
534,Arizona,La Paz,Donald Trump,940.0,Republican
1023,Arkansas,Searcy,Donald Trump,939.0,Republican
10232,New York,Schuyler,Donald Trump,938.0,Republican
9452,Nebraska,Seward,Donald Trump,935.0,Republican
2056,Georgia,Bleckley,Donald Trump,935.0,Republican
8956,Montana,Pondera,Donald Trump,930.0,Republican
15156,Texas,Ochiltree,Ted Cruz,928.0,Republican
11604,Oklahoma,Craig,Bernie Sanders,926.0,Democrat
15611,Texas,Wilbarger,Ted Cruz,923.0,Republican
13035,South Dakota,Fall River,Donald Trump,923.0,Republican
1223,California,Mono,Bernie Sanders,917.0,Democrat
780,Arkansas,Hempstead,Ted Cruz,917.0,Republican
15324,Texas,San Augustine,Ted Cruz,916.0,Republican
7445,Michigan,Presque Isle,Donald Trump,916.0,Republican
16088,Virginia,Dickenson,Donald Trump,911.0,Republican
1093,Arkansas,Yell,Donald Trump,911.0,Republican
14981,Texas,McCulloch,Ted Cruz,906.0,Republican
8032,Mississippi,Tunica,Hillary Clinton,904.0,Democrat
1993,Georgia,Bacon,Donald Trump,904.0,Republican
3181,Idaho,Boundary,Ted Cruz,901.0,Republican
11519,Oklahoma,Beckham,Ted Cruz,900.0,Republican
2119,Georgia,Candler,Donald Trump,897.0,Republican
9021,Montana,Teton,Donald Trump,882.0,Republican
15464,Texas,Terry,Ted Cruz,879.0,Republican
6106,Kentucky,Breckinridge,Hillary Clinton,877.0,Democrat
805,Arkansas,Izard,Donald Trump,873.0,Republican
2511,Georgia,Irwin,Donald Trump,869.0,Republican
3506,Illinois,Edwards,Donald Trump,867.0,Republican
8811,Montana,Chouteau,Donald Trump,865.0,Republican
3259,Idaho,Gooding,Ted Cruz,863.0,Republican
14139,Texas,Camp,Ted Cruz,863.0,Republican
16037,Virginia,Charles City,Hillary Clinton,863.0,Democrat
9026,Montana,Toole,Donald Trump,863.0,Republican
1084,Arkansas,Woodruff,Hillary Clinton,862.0,Democrat
4361,Indiana,Switzerland,Donald Trump,858.0,Republican
7313,Michigan,Mackinac,Donald Trump,856.0,Republican
16993,West Virginia,Pleasants,Donald Trump,855.0,Republican
14146,Texas,Carson,Ted Cruz,854.0,Republican
11751,Oklahoma,Latimer,Bernie Sanders,852.0,Democrat
16998,West Virginia,Pocahontas,Donald Trump,833.0,Republican
16184,Virginia,Greensville,Hillary Clinton,832.0,Democrat
10817,North Carolina,Swain,Bernie Sanders,831.0,Democrat
9167,Nebraska,Dawes,Donald Trump,831.0,Republican
16011,Virginia,Buckingham,Donald Trump,830.0,Republican
16359,Virginia,Nottoway,Hillary Clinton,829.0,Democrat
9162,Nebraska,Dakota,Donald Trump,819.0,Republican
2971,Georgia,Twiggs,Hillary Clinton,818.0,Democrat
8966,Montana,Powell,Donald Trump,818.0,Republican
5772,Iowa,Wapello,Hillary Clinton,817.0,Democrat
15200,Texas,Pecos,Hillary Clinton,816.0,Democrat
11807,Oklahoma,Major,Ted Cruz,816.0,Republican
9457,Nebraska,Sheridan,Donald Trump,809.0,Republican
13005,South Dakota,Davison,Donald Trump,808.0,Republican
8690,Missouri,Shannon,Donald Trump,808.0,Republican
1544,Connecticut,Tolland,Bernie Sanders,806.0,Democrat
6231,Kentucky,Fleming,Bernie Sanders,806.0,Democrat
2915,Georgia,Terrell,Hillary Clinton,804.0,Democrat
2840,Georgia,Screven,Donald Trump,801.0,Republican
7179,Michigan,Gogebic,Bernie Sanders,790.0,Democrat
10315,North Carolina,Alleghany,Donald Trump,790.0,Republican
17043,West Virginia,Tucker,Donald Trump,787.0,Republican
9152,Nebraska,Cuming,Donald Trump,783.0,Republican
15597,Texas,Wheeler,Ted Cruz,781.0,Republican
15221,Texas,Presidio,Hillary Clinton,776.0,Democrat
9357,Nebraska,Merrick,Donald Trump,775.0,Republican
9062,Nebraska,Antelope,Donald Trump,772.0,Republican
14063,Texas,Brewster,Bernie Sanders,771.0,Democrat
15752,Utah,Millard,Ted Cruz,771.0,Republican
16305,Virginia,Mathews,Donald Trump,762.0,Republican
11885,Oklahoma,Pawnee,Bernie Sanders,762.0,Democrat
2315,Georgia,Early,Donald Trump,760.0,Republican
3287,Idaho,Lemhi,Donald Trump,757.0,Republican
11695,Oklahoma,Haskell,Bernie Sanders,752.0,Democrat
10518,North Carolina,Gates,Hillary Clinton,749.0,Democrat
14525,Texas,Goliad,Ted Cruz,747.0,Republican
6630,Kentucky,Rockcastle,Donald Trump,743.0,Republican
15569,Texas,Ward,Ted Cruz,742.0,Republican
16289,Virginia,Lunenburg,Hillary Clinton,738.0,Democrat
2292,Georgia,Dooly,Hillary Clinton,737.0,Democrat
8836,Montana,Fallon,Donald Trump,734.0,Republican
15198,Texas,Parmer,Ted Cruz,728.0,Republican
10729,North Carolina,Perquimans,Donald Trump,726.0,Republican
6462,Kentucky,McCreary,Donald Trump,725.0,Republican
11499,Oklahoma,Atoka,Bernie Sanders,723.0,Democrat
859,Arkansas,Little River,Hillary Clinton,721.0,Democrat
14800,Texas,Karnes,Hillary Clinton,719.0,Democrat
3332,Idaho,Owyhee,Ted Cruz,717.0,Republican
6682,Kentucky,Trigg,Bernie Sanders,715.0,Democrat
15902,Vermont,Windsor,Bernie Sanders,709.0,Democrat
15345,Texas,San Saba,Ted Cruz,707.0,Republican
9016,Montana,Sweet Grass,Donald Trump,707.0,Republican
13240,South Dakota,Yankton,Hillary Clinton,706.0,Democrat
7427,Michigan,Oscoda,Donald Trump,705.0,Republican
11997,Oklahoma,Washita,Bernie Sanders,700.0,Democrat
9422,Nebraska,Richardson,Donald Trump,699.0,Republican
9362,Nebraska,Morrill,Donald Trump,695.0,Republican
9942,New Mexico,Quay,Donald Trump,695.0,Republican
3160,Idaho,Boise,Donald Trump,691.0,Republican
15660,Texas,Yoakum,Ted Cruz,685.0,Republican
14595,Texas,Hansford,Ted Cruz,682.0,Republican
14974,Texas,Lynn,Ted Cruz,678.0,Republican
3145,Idaho,Benewah,Ted Cruz,671.0,Republican
5364,Iowa,Mahaska,Ted Cruz,669.0,Republican
11920,Oklahoma,Pushmataha,Bernie Sanders,667.0,Democrat
6045,Kentucky,Ballard,Bernie Sanders,659.0,Democrat
2966,Georgia,Turner,Donald Trump,652.0,Republican
15742,Utah,Juab,Ted Cruz,647.0,Republican
8629,Missouri,Reynolds,Donald Trump,647.0,Republican
7978,Mississippi,Sharkey,Hillary Clinton,645.0,Democrat
3139,Idaho,Bear Lake,Ted Cruz,643.0,Republican
6057,Kentucky,Bath,Bernie Sanders,641.0,Democrat
4557,Iowa,Bremer,Hillary Clinton,640.0,Democrat
15728,Utah,Grand,Bernie Sanders,636.0,Democrat
2609,Georgia,Long,Donald Trump,633.0,Republican
15072,Texas,Mills,Ted Cruz,633.0,Republican
1695,Florida,Glades,Donald Trump,632.0,Republican
3347,Idaho,Shoshone,Donald Trump,632.0,Republican
3220,Idaho,Clearwater,Donald Trump,629.0,Republican
6478,Kentucky,Magoffin,Bernie Sanders,626.0,Democrat
2910,Georgia,Telfair,Donald Trump,626.0,Republican
1427,Colorado,Eagle,Bernie Sanders,623.0,Democrat
7029,Michigan,Alger,Bernie Sanders,622.0,Democrat
1986,Georgia,Atkinson,Donald Trump,619.0,Republican
5861,Iowa,Winneshiek,Bernie Sanders,616.0,Democrat
9302,Nebraska,Kearney,Donald Trump,614.0,Republican
17319,Wisconsin,Pepin,Donald Trump,607.0,Republican
9107,Nebraska,Burt,Donald Trump,603.0,Republican
2140,Georgia,Charlton,Donald Trump,602.0,Republican
3205,Idaho,Caribou,Ted Cruz,602.0,Republican
8220,Missouri,Chariton,Donald Trump,597.0,Republican
11850,Oklahoma,Okfuskee,Bernie Sanders,596.0,Democrat
13729,Tennessee,Pickett,Donald Trump,594.0,Republican
16988,West Virginia,Pendleton,Donald Trump,587.0,Republican
15983,Virginia,Bland,Donald Trump,584.0,Republican
6526,Kentucky,Metcalfe,Bernie Sanders,582.0,Democrat
6263,Kentucky,Garrard,Donald Trump,581.0,Republican
14630,Texas,Hartley,Ted Cruz,577.0,Republican
14504,Texas,Garza,Ted Cruz,574.0,Republican
9202,Nebraska,Fillmore,Donald Trump,574.0,Republican
12010,Oklahoma,Woods,Ted Cruz,574.0,Republican
1530,Connecticut,Litchfield,Donald Trump,568.0,Republican
15254,Texas,Real,Ted Cruz,562.0,Republican
15366,Texas,Shackelford,Ted Cruz,560.0,Republican
985,Arkansas,Prairie,Hillary Clinton,558.0,Democrat
14898,Texas,La Salle,Hillary Clinton,557.0,Democrat
16431,Virginia,Rappahannock,Donald Trump,556.0,Republican
15270,Texas,Refugio,Hillary Clinton,549.0,Democrat
9217,Nebraska,Furnas,Donald Trump,546.0,Republican
3154,Idaho,Blaine,Donald Trump,543.0,Republican
6688,Kentucky,Trimble,Bernie Sanders,542.0,Democrat
9524,Nevada,Churchill,Donald Trump,538.0,Republican
9472,Nebraska,Stanton,Donald Trump,537.0,Republican
6209,Kentucky,Edmonson,Donald Trump,531.0,Republican
16787,Washington,Wahkiakum,Donald Trump,530.0,Republican
11843,Oklahoma,Nowata,Bernie Sanders,530.0,Democrat
7481,Michigan,Schoolcraft,Donald Trump,529.0,Republican
14651,Texas,Hemphill,Ted Cruz,526.0,Republican
13214,South Dakota,Todd,Bernie Sanders,524.0,Democrat
7415,Michigan,Ontonagon,Donald Trump,519.0,Republican
8961,Montana,Powder River,Donald Trump,516.0,Republican
14939,Texas,Lipscomb,Ted Cruz,515.0,Republican
11744,Oklahoma,Kiowa,Bernie Sanders,514.0,Democrat
2546,Georgia,Jenkins,Donald Trump,513.0,Republican
9182,Nebraska,Dixon,Donald Trump,513.0,Republican
2574,Georgia,Lanier,Donald Trump,512.0,Republican
6414,Kentucky,Leslie,Donald Trump,503.0,Republican
11773,Oklahoma,Love,Bernie Sanders,502.0,Democrat
12929,South Dakota,Beadle,Hillary Clinton,501.0,Democrat
9855,New Mexico,Catron,Donald Trump,501.0,Republican
6730,Kentucky,Wolfe,Bernie Sanders,499.0,Democrat
528,Arizona,Greenlee,Hillary Clinton,497.0,Democrat
14160,Texas,Castro,Ted Cruz,496.0,Republican
13978,Texas,Bailey,Ted Cruz,496.0,Republican
13060,South Dakota,Hamlin,Donald Trump,489.0,Republican
8871,Montana,Granite,Donald Trump,487.0,Republican
8112,Missouri,Atchison,Donald Trump,487.0,Republican
2350,Georgia,Evans,Donald Trump,481.0,Republican
1441,Colorado,Gunnison,Bernie Sanders,481.0,Democrat
16240,Virginia,King and Queen,Hillary Clinton,477.0,Democrat
9127,Nebraska,Chase,Donald Trump,476.0,Republican
5712,Iowa,Tama,Hillary Clinton,476.0,Democrat
5606,Iowa,Poweshiek,Bernie Sanders,475.0,Democrat
15639,Texas,Winkler,Ted Cruz,474.0,Republican
9372,Nebraska,Nemaha,Donald Trump,472.0,Republican
14279,Texas,Crane,Ted Cruz,468.0,Republican
7061,Michigan,Baraga,Donald Trump,468.0,Republican
9477,Nebraska,Thayer,Donald Trump,466.0,Republican
6141,Kentucky,Carlisle,Bernie Sanders,462.0,Democrat
10584,North Carolina,Hyde,Hillary Clinton,459.0,Democrat
14847,Texas,Kimble,Ted Cruz,456.0,Republican
11583,Oklahoma,Coal,Bernie Sanders,456.0,Democrat
15722,Utah,Emery,Ted Cruz,455.0,Republican
13841,Tennessee,Trousdale,Donald Trump,453.0,Republican
13221,South Dakota,Tripp,Donald Trump,452.0,Republican
9377,Nebraska,Nuckolls,Donald Trump,446.0,Republican
6220,Kentucky,Estill,Hillary Clinton,446.0,Democrat
14181,Texas,Childress,Ted Cruz,444.0,Republican
6213,Kentucky,Elliott,Bernie Sanders,443.0,Democrat
15436,Texas,Swisher,Ted Cruz,442.0,Republican
13180,South Dakota,Perkins,Donald Trump,441.0,Republican
9317,Nebraska,Kimball,Donald Trump,439.0,Republican
2952,Georgia,Treutlen,Donald Trump,437.0,Republican
6983,Massachusetts,Hampden,Donald Trump,437.0,Republican
8322,Missouri,Gentry,Donald Trump,435.0,Republican
13130,South Dakota,Lyman,Donald Trump,432.0,Republican
17073,West Virginia,Wirt,Donald Trump,431.0,Republican
13030,South Dakota,Edmunds,Donald Trump,426.0,Republican
15865,Vermont,Grand Isle,Bernie Sanders,426.0,Democrat
6093,Kentucky,Bracken,Bernie Sanders,424.0,Democrat
1487,Colorado,Pitkin,Bernie Sanders,421.0,Democrat
13110,South Dakota,Kingsbury,Donald Trump,421.0,Republican
11498,Oklahoma,Alfalfa,Ted Cruz,421.0,Republican
8886,Montana,Judith Basin,Donald Trump,421.0,Republican
3344,Idaho,Power,Ted Cruz,421.0,Republican
1473,Colorado,Montezuma,Bernie Sanders,412.0,Democrat
2196,Georgia,Clinch,Donald Trump,412.0,Republican
8911,Montana,McCone,Donald Trump,410.0,Republican
7307,Michigan,Luce,Donald Trump,407.0,Republican
1497,Colorado,Routt,Bernie Sanders,406.0,Democrat
14202,Texas,Coke,Ted Cruz,405.0,Republican
2406,Georgia,Glascock,Donald Trump,405.0,Republican
12975,South Dakota,Charles Mix,Donald Trump,404.0,Republican
1405,Colorado,Chaffee,Bernie Sanders,404.0,Democrat
13188,South Dakota,Roberts,Bernie Sanders,397.0,Democrat
13055,South Dakota,Haakon,Donald Trump,397.0,Republican
8921,Montana,Meagher,Donald Trump,394.0,Republican
14307,Texas,Dallam,Ted Cruz,390.0,Republican
11597,Oklahoma,Cotton,Bernie Sanders,388.0,Democrat
13065,South Dakota,Hand,Donald Trump,385.0,Republican
9041,Montana,Wheatland,Donald Trump,380.0,Republican
15429,Texas,Sutton,Ted Cruz,379.0,Republican
9227,Nebraska,Garden,Donald Trump,372.0,Republican
11638,Oklahoma,Dewey,Ted Cruz,363.0,Republican
15247,Texas,Reagan,Ted Cruz,360.0,Republican
5247,Iowa,Kossuth,Hillary Clinton,360.0,Democrat
14364,Texas,Donley,Ted Cruz,358.0,Republican
14295,Texas,Culberson,Hillary Clinton,355.0,Democrat
13999,Texas,Baylor,Ted Cruz,355.0,Republican
14293,Texas,Crosby,Ted Cruz,353.0,Republican
14195,Texas,Cochran,Ted Cruz,353.0,Republican
13206,South Dakota,Stanley,Donald Trump,352.0,Republican
5499,Iowa,O'Brien,Ted Cruz,347.0,Republican
11969,Oklahoma,Tillman,Bernie Sanders,346.0,Democrat
12940,South Dakota,Bon Homme,Donald Trump,343.0,Republican
13009,South Dakota,Day,Hillary Clinton,343.0,Democrat
13050,South Dakota,Gregory,Donald Trump,341.0,Republican
13140,South Dakota,McPherson,Donald Trump,340.0,Republican
8821,Montana,Daniels,Donald Trump,340.0,Republican
11674,Oklahoma,Greer,Bernie Sanders,332.0,Democrat
2833,Georgia,Schley,Donald Trump,331.0,Republican
6514,Kentucky,Menifee,Bernie Sanders,323.0,Democrat
13135,South Dakota,McCook,Donald Trump,320.0,Republican
9212,Nebraska,Frontier,Donald Trump,315.0,Republican
9367,Nebraska,Nance,Donald Trump,310.0,Republican
4599,Iowa,Buena Vista,Ted Cruz,309.0,Republican
14441,Texas,Fisher,Ted Cruz,306.0,Republican
13070,South Dakota,Hanson,Donald Trump,305.0,Republican
9272,Nebraska,Hitchcock,Donald Trump,305.0,Republican
4467,Iowa,Allamakee,Hillary Clinton,304.0,Democrat
13201,South Dakota,Spink,Donald Trump,302.0,Republican
13075,South Dakota,Harding,Donald Trump,298.0,Republican
8352,Missouri,Hickory,Donald Trump,297.0,Republican
4487,Iowa,Appanoose,Donald Trump,292.0,Republican
15520,Texas,Upton,Ted Cruz,290.0,Republican
15380,Texas,Sherman,Ted Cruz,284.0,Republican
11694,Oklahoma,Harper,Ted Cruz,280.0,Republican
14251,Texas,Concho,Ted Cruz,280.0,Republican
9177,Nebraska,Deuel,Donald Trump,274.0,Republican
11927,Oklahoma,Roger Mills,Bernie Sanders,268.0,Democrat
2322,Georgia,Echols,Donald Trump,268.0,Republican
14350,Texas,Dickens,Ted Cruz,267.0,Republican
15352,Texas,Schleicher,Ted Cruz,266.0,Republican
10830,North Carolina,Tyrrell,Hillary Clinton,266.0,Democrat
14223,Texas,Collingsworth,Ted Cruz,266.0,Republican
13169,South Dakota,Moody,Hillary Clinton,262.0,Democrat
9237,Nebraska,Gosper,Donald Trump,259.0,Republican
1475,Colorado,Montrose,Bernie Sanders,258.0,Democrat
15844,Vermont,Chittenden,Bernie Sanders,254.0,Democrat
15829,Vermont,Addison,Bernie Sanders,251.0,Democrat
5232,Iowa,Keokuk,Hillary Clinton,250.0,Democrat
12955,South Dakota,Brule,Donald Trump,245.0,Republican
14076,Texas,Briscoe,Ted Cruz,244.0,Republican
15114,Texas,Motley,Ted Cruz,239.0,Republican
2887,Georgia,Taliaferro,Hillary Clinton,236.0,Democrat
9046,Montana,Wibaux,Donald Trump,231.0,Republican
14735,Texas,Irion,Ted Cruz,228.0,Republican
12071,Oregon,Gilliam,Donald Trump,227.0,Republican
5007,Iowa,Guthrie,Hillary Clinton,220.0,Democrat
9197,Nebraska,Dundy,Donald Trump,219.0,Republican
1509,Colorado,Teller,Bernie Sanders,219.0,Democrat
1499,Colorado,Saguache,Bernie Sanders,219.0,Democrat
13040,South Dakota,Faulk,Donald Trump,216.0,Republican
5532,Iowa,Palo Alto,Hillary Clinton,213.0,Democrat
5642,Iowa,Sac,Donald Trump,212.0,Republican
14856,Texas,Kinney,Hillary Clinton,211.0,Democrat
11575,Oklahoma,Cimarron,Ted Cruz,204.0,Republican
8866,Montana,Golden Valley,Donald Trump,203.0,Republican
9312,Nebraska,Keya Paha,Donald Trump,203.0,Republican
14518,Texas,Glasscock,Ted Cruz,202.0,Republican
1409,Colorado,Clear Creek,Bernie Sanders,199.0,Democrat
15767,Utah,Rich,Ted Cruz,198.0,Republican
15471,Texas,Throckmorton,Ted Cruz,188.0,Republican
7269,Michigan,Keweenaw,Bernie Sanders,188.0,Democrat
4497,Iowa,Audubon,Hillary Clinton,187.0,Democrat
5439,Iowa,Monona,Ted Cruz,185.0,Republican
2152,Georgia,Chattahoochee,Hillary Clinton,182.0,Democrat
12935,South Dakota,Bennett,Donald Trump,179.0,Republican
7773,Mississippi,Issaquena,Hillary Clinton,175.0,Democrat
1437,Colorado,Gilpin,Bernie Sanders,173.0,Democrat
9629,Nevada,White Pine,Donald Trump,172.0,Republican
14995,Texas,McMullen,Ted Cruz,172.0,Republican
6588,Kentucky,Owsley,Donald Trump,168.0,Republican
14272,Texas,Cottle,Ted Cruz,168.0,Republican
1391,Colorado,Alamosa,Bernie Sanders,167.0,Democrat
8946,Montana,Petroleum,Donald Trump,167.0,Republican
11681,Oklahoma,Harmon,Bernie Sanders,167.0,Democrat
9573,Nevada,Lander,Donald Trump,165.0,Republican
14034,Texas,Borden,Ted Cruz,164.0,Republican
15415,Texas,Sterling,Ted Cruz,163.0,Republican
9615,Nevada,Storey,Donald Trump,161.0,Republican
1481,Colorado,Ouray,Bernie Sanders,156.0,Democrat
1395,Colorado,Archuleta,Bernie Sanders,156.0,Democrat
12924,South Dakota,Aurora,Hillary Clinton,150.0,Democrat
1445,Colorado,Huerfano,Bernie Sanders,150.0,Democrat
12993,South Dakota,Corson,Bernie Sanders,148.0,Democrat
14709,Texas,Hudspeth,Hillary Clinton,147.0,Democrat
9031,Montana,Treasure,Donald Trump,143.0,Republican
15422,Texas,Stonewall,Ted Cruz,141.0,Republican
17473,Wyoming,Laramie,Ted Cruz,141.0,Republican
5132,Iowa,Ida,Donald Trump,136.0,Republican
13211,South Dakota,Sully,Donald Trump,133.0,Republican
13244,South Dakota,Ziebach,Bernie Sanders,132.0,Democrat
5622,Iowa,Ringgold,Hillary Clinton,132.0,Democrat
3190,Idaho,Camas,Donald Trump,130.0,Republican
1103,California,Alpine,Bernie Sanders,129.0,Democrat
9247,Nebraska,Greeley,Donald Trump,125.0,Republican
13195,South Dakota,Sanborn,Donald Trump,122.0,Republican
9282,Nebraska,Hooker,Donald Trump,119.0,Republican
9608,Nevada,Pershing,Donald Trump,118.0,Republican
14449,Texas,Foard,Bernie Sanders,112.0,Democrat
13159,South Dakota,Miner,Hillary Clinton,109.0,Democrat
9072,Nebraska,Banner,Donald Trump,108.0,Republican
1461,Colorado,Las Animas,Bernie Sanders,106.0,Democrat
9267,Nebraska,Hayes,Donald Trump,103.0,Republican
9342,Nebraska,Loup,Donald Trump,101.0,Republican
13099,South Dakota,Jerauld,Hillary Clinton,96.0,Democrat
13155,South Dakota,Mellette,Donald Trump,87.0,Republican
15762,Utah,Piute,Ted Cruz,86.0,Republican
9559,Nevada,Eureka,Donald Trump,81.0,Republican
1412,Colorado,Conejos,Hillary Clinton,73.0,Democrat
9067,Nebraska,Arthur,Donald Trump,68.0,Republican
1414,Colorado,Costilla,Hillary Clinton,64.0,Democrat
14821,Texas,Kenedy,Hillary Clinton,63.0,Democrat
1495,Colorado,Rio Grande,Bernie Sanders,59.0,Democrat
9552,Nevada,Esmeralda,Donald Trump,46.0,Republican
1490,Colorado,Prowers,Hillary Clinton,40.0,Democrat
15707,Utah,Daggett,Ted Cruz,36.0,Republican
1471,Colorado,Moffat,Bernie Sanders,28.0,Democrat
1400,Colorado,Bent,Hillary Clinton,26.0,Democrat
1423,Colorado,Dolores,Bernie Sanders,22.0,Democrat
17477,Wyoming,Natrona,Hillary Clinton,20.0,Democrat
1493,Colorado,Rio Blanco,Bernie Sanders,18.0,Democrat
1453,Colorado,Kit Carson,Bernie Sanders,16.0,Democrat
1415,Colorado,Crowley,Bernie Sanders,16.0,Democrat
1398,Colorado,Baca,Hillary Clinton,15.0,Democrat
14960,Texas,Loving,Ted Cruz,14.0,Republican
1506,Colorado,Sedgwick,Hillary Clinton,13.0,Democrat
17488,Wyoming,Sweetwater,Bernie Sanders,12.0,Democrat
1443,Colorado,Hinsdale,Bernie Sanders,10.0,Democrat
17492,Wyoming,Uinta,Bernie Sanders,5.0,Democrat
6821,Maine,Oxford,Bernie Sanders,4.0,Democrat
6823,Maine,Penobscot,Bernie Sanders,4.0,Democrat
17456,Wyoming,Converse,Bernie Sanders,3.0,Democrat
17463,Wyoming,Goshen,Hillary Clinton,3.0,Democrat
17486,Wyoming,Sublette,Bernie Sanders,3.0,Democrat
17495,Wyoming,Washakie,Hillary Clinton,2.0,Democrat
17478,Wyoming,Niobrara,Bernie Sanders,2.0,Democrat
17497,Wyoming,Weston,Hillary Clinton,1.0,Democrat
17465,Wyoming,Hot Springs,Hillary Clinton,1.0,Democrat
6828,Maine,Waldo,Bernie Sanders,0.0,Democrat
0,,United States,,,
1,,Alabama,,,
471,,Alaska,,,
472,,Aleutians East Borough,,,
473,,Aleutians West Census Area,,,
474,,Anchorage Municipality,,,
475,,Bethel Census Area,,,
476,,Bristol Bay Borough,,,
477,,Denali Borough,,,
478,,Dillingham Census Area,,,
479,,Fairbanks North Star Borough,,,
480,,Haines Borough,,,
481,,Hoonah-Angoon Census Area,,,
482,,Juneau City and Borough,,,
483,,Kenai Peninsula Borough,,,
484,,Ketchikan Gateway Borough,,,
485,,Kodiak Island Borough,,,
486,,Lake and Peninsula Borough,,,
487,,Matanuska-Susitna Borough,,,
488,,Nome Census Area,,,
489,,North Slope Borough,,,
490,,Northwest Arctic Borough,,,
491,,Petersburg Borough,,,
492,,Prince of Wales-Hyder Census Area,,,
493,,Sitka City and Borough,,,
494,,Skagway Municipality,,,
495,,Southeast Fairbanks Census Area,,,
496,,Valdez-Cordova Census Area,,,
497,,Wade Hampton Census Area,,,
498,,Wrangell City and Borough,,,
499,,Yakutat City and Borough,,,
500,,Yukon-Koyukuk Census Area,,,
501,,Arizona,,,
1005,,St. Francis,,,
1097,,California,,,
1517,,Connecticut,,,
1570,,District Of Columbia,,,
1571,,District of Columbia,,,
1572,,Florida,,,
1975,,Georgia,,,
3102,,Kalawao,,,
3115,,Idaho,,,
3375,,Illinois,,,
3485,,De Witt,,,
3618,,Jo Daviess,,,
5920,,Kansas,,,
5924,,Barber,,,
5935,,Cloud,,,
5936,,Coffey,,,
5938,,Cowley,,,
5942,,Doniphan,,,
5947,,Ellsworth,,,
5948,,Finney,,,
5951,,Geary,,,
5952,,Gove,,,
5960,,Harvey,,,
5962,,Hodgeman,,,
5965,,Jewell,,,
5967,,Kearny,,,
5968,,Kingman,,,
5970,,Labette,,,
5972,,Leavenworth,,,
5985,,Morton,,,
5987,,Neosho,,,
5988,,Ness,,,
5989,,Norton,,,
5991,,Osborne,,,
5996,,Pratt,,,
5997,,Rawlins,,,
5998,,Reno,,,
5999,,Republic,,,
6000,,Rice,,,
6001,,Riley,,,
6002,,Rooks,,,
6009,,Shawnee,,,
6018,,Trego,,,
6019,,Wabaunsee,,,
6020,,Wallace,,,
6024,,Woodson,,,
6025,,Wyandotte,,,
6026,,Kentucky,,,
6393,,Larue,,,
6742,,Louisiana,,,
6743,,Acadia Parish,,,
6744,,Allen Parish,,,
6745,,Ascension Parish,,,
6746,,Assumption Parish,,,
6747,,Avoyelles Parish,,,
6748,,Beauregard Parish,,,
6749,,Bienville Parish,,,
6750,,Bossier Parish,,,
6751,,Caddo Parish,,,
6752,,Calcasieu Parish,,,
6753,,Caldwell Parish,,,
6754,,Cameron Parish,,,
6755,,Catahoula Parish,,,
6756,,Claiborne Parish,,,
6757,,Concordia Parish,,,
6758,,De Soto Parish,,,
6759,,East Baton Rouge Parish,,,
6760,,East Carroll Parish,,,
6761,,East Feliciana Parish,,,
6762,,Evangeline Parish,,,
6763,,Franklin Parish,,,
6764,,Grant Parish,,,
6765,,Iberia Parish,,,
6766,,Iberville Parish,,,
6767,,Jackson Parish,,,
6768,,Jefferson Parish,,,
6769,,Jefferson Davis Parish,,,
6770,,Lafayette Parish,,,
6771,,Lafourche Parish,,,
6772,,La Salle Parish,,,
6773,,Lincoln Parish,,,
6774,,Livingston Parish,,,
6775,,Madison Parish,,,
6776,,Morehouse Parish,,,
6777,,Natchitoches Parish,,,
6778,,Orleans Parish,,,
6779,,Ouachita Parish,,,
6780,,Plaquemines Parish,,,
6781,,Pointe Coupee Parish,,,
6782,,Rapides Parish,,,
6783,,Red River Parish,,,
6784,,Richland Parish,,,
6785,,Sabine Parish,,,
6786,,St. Bernard Parish,,,
6787,,St. Charles Parish,,,
6788,,St. Helena Parish,,,
6789,,St. James Parish,,,
6790,,St. John the Baptist Parish,,,
6791,,St. Landry Parish,,,
6792,,St. Martin Parish,,,
6793,,St. Mary Parish,,,
6794,,St. Tammany Parish,,,
6795,,Tangipahoa Parish,,,
6796,,Tensas Parish,,,
6797,,Terrebonne Parish,,,
6798,,Union Parish,,,
6799,,Vermilion Parish,,,
6800,,Vernon Parish,,,
6801,,Washington Parish,,,
6802,,Webster Parish,,,
6803,,West Baton Rouge Parish,,,
6804,,West Carroll Parish,,,
6805,,West Feliciana Parish,,,
6806,,Winn Parish,,,
6807,,Maine,,,
6808,,Androscoggin,,,
6809,,Aroostook,,,
6816,,Kennebec,,,
6825,,Piscataquis,,,
6826,,Sagadahoc,,,
6834,,Maryland,,,
6950,,Baltimore city,,,
6951,,Massachusetts,,,
6960,,Berkshire,,,
6962,,Dukes,,,
7022,,Michigan,,,
7521,,Minnesota,,,
7522,,Aitkin,,,
7523,,Anoka,,,
7524,,Becker,,,
7525,,Beltrami,,,
7527,,Big Stone,,,
7528,,Blue Earth,,,
7530,,Carlton,,,
7531,,Carver,,,
7534,,Chisago,,,
7538,,Cottonwood,,,
7539,,Crow Wing,,,
7543,,Faribault,,,
7545,,Freeborn,,,
7546,,Goodhue,,,
7548,,Hennepin,,,
7550,,Hubbard,,,
7551,,Isanti,,,
7552,,Itasca,,,
7554,,Kanabec,,,
7555,,Kandiyohi,,,
7556,,Kittson,,,
7557,,Koochiching,,,
7558,,Lac qui Parle,,,
7560,,Lake of the Woods,,,
7561,,Le Sueur,,,
7564,,McLeod,,,
7565,,Mahnomen,,,
7568,,Meeker,,,
7569,,Mille Lacs,,,
7570,,Morrison,,,
7571,,Mower,,,
7573,,Nicollet,,,
7574,,Nobles,,,
7575,,Norman,,,
7576,,Olmsted,,,
7577,,Otter Tail,,,
7579,,Pine,,,
7580,,Pipestone,,,
7583,,Ramsey,,,
7584,,Red Lake,,,
7585,,Redwood,,,
7586,,Renville,,,
7589,,Roseau,,,
7590,,St. Louis,,,
7592,,Sherburne,,,
7593,,Sibley,,,
7594,,Stearns,,,
7595,,Steele,,,
7597,,Swift,,,
7599,,Traverse,,,
7600,,Wabasha,,,
7601,,Wadena,,,
7602,,Waseca,,,
7604,,Watonwan,,,
7605,,Wilkin,,,
7606,,Winona,,,
7608,,Yellow Medicine,,,
7802,,Jefferson Davis,,,
8097,,Missouri,,,
8410,,Laclede,,,
8772,,St. Louis city,,,
8773,,Montana,,,
9054,,Nebraska,,,
9640,,New Hampshire,,,
9741,,New Jersey,,,
9847,,New Mexico,,,
9878,,De Baca,,,
9879,,Doa Ana,,,
10005,,New York,,,
10214,,St. Lawrence,,,
10300,,North Carolina,,,
10901,,North Dakota,,,
10903,,Barnes,,,
10904,,Benson,,,
10905,,Billings,,,
10906,,Bottineau,,,
10907,,Bowman,,,
10909,,Burleigh,,,
10911,,Cavalier,,,
10912,,Dickey,,,
10913,,Divide,,,
10916,,Emmons,,,
10917,,Foster,,,
10919,,Grand Forks,,,
10921,,Griggs,,,
10922,,Hettinger,,,
10923,,Kidder,,,
10924,,LaMoure,,,
10928,,McKenzie,,,
10932,,Mountrail,,,
10934,,Oliver,,,
10935,,Pembina,,,
10938,,Ransom,,,
10941,,Rolette,,,
10942,,Sargent,,,
10945,,Slope,,,
10948,,Stutsman,,,
10949,,Towner,,,
10950,,Traill,,,
10951,,Walsh,,,
11758,,Le Flore,,,
12199,,Pennsylvania,,,
12535,,Rhode Island,,,
12553,,South Carolina,,,
12922,,South Dakota,,,
13249,,Tennessee,,,
14343,,DeWitt,,,
14904,,Lavaca,,,
15828,,Vermont,,,
15843,,Caledonia,,,
15872,,Lamoille,,,
15909,,Virginia,,,
16575,,Alexandria city,,,
16576,,Bedford city,,,
16577,,Bristol city,,,
16578,,Buena Vista city,,,
16579,,Charlottesville city,,,
16580,,Chesapeake city,,,
16581,,Colonial Heights city,,,
16582,,Covington city,,,
16583,,Danville city,,,
16584,,Emporia city,,,
16585,,Fairfax city,,,
16586,,Falls Church city,,,
16587,,Franklin city,,,
16588,,Fredericksburg city,,,
16589,,Galax city,,,
16590,,Hampton city,,,
16591,,Harrisonburg city,,,
16592,,Hopewell city,,,
16593,,Lexington city,,,
16594,,Lynchburg city,,,
16595,,Manassas city,,,
16596,,Manassas Park city,,,
16597,,Martinsville city,,,
16598,,Newport News city,,,
16599,,Norfolk city,,,
16600,,Norton city,,,
16601,,Petersburg city,,,
16602,,Poquoson city,,,
16603,,Portsmouth city,,,
16604,,Radford city,,,
16605,,Richmond city,,,
16606,,Roanoke city,,,
16607,,Salem city,,,
16608,,Staunton city,,,
16609,,Suffolk city,,,
16610,,Virginia Beach city,,,
16611,,Waynesboro city,,,
16612,,Williamsburg city,,,
16613,,Winchester city,,,
16810,,West Virginia,,,
17086,,Wisconsin,,,
