county,party,candidate,votes,educated (bacelor and higher)
Los Angeles,Democrat,Hillary Clinton,590502.0,29.7
Philadelphia,Democrat,Hillary Clinton,212785.0,23.9
Wayne,Democrat,Martin O'Malley,163886.0,33.1
Harris,Democrat,Hillary Clinton,156729.0,28.4
Orange,Republican,Ted Cruz,146888.0,55.8
Maricopa,Republican,Ted Cruz,144522.0,29.8
San Diego,Democrat,Hillary Clinton,139813.0,34.6
Broward,Democrat,Hillary Clinton,132527.0,29.9
Miami-Dade,Democrat,Hillary Clinton,129467.0,26.3
Cuyahoga,Democrat,Hillary Clinton,125914.0,29.7
Allegheny,Democrat,Hillary Clinton,122399.0,35.9
Queens,Democrat,Hillary Clinton,122386.0,30.0
Prince George's,Democrat,Hillary Clinton,113912.0,29.8
Dallas,Democrat,Martin O'Malley,113574.0,43.6
Santa Clara,Democrat,Hillary Clinton,109963.0,46.5
Montgomery,Democrat,Martin O'Malley,109304.0,57.1
Alameda,Democrat,Hillary Clinton,107102.0,41.8
Palm Beach,Democrat,Hillary Clinton,103369.0,32.4
Dane,Democrat,Hillary Clinton,102585.0,46.6
Franklin,Republican,Ted Cruz,101217.0,36.4
Milwaukee,Democrat,Hillary Clinton,100932.0,28.1
Bronx,Democrat,Hillary Clinton,95772.0,18.1
Oakland,Democrat,Hillary Clinton,92296.0,43.1
Tarrant,Republican,Ted Cruz,88867.0,29.5
Multnomah,Democrat,Hillary Clinton,87247.0,39.9
Fairfax,Democrat,Hillary Clinton,86898.0,58.6
San Francisco,Democrat,Hillary Clinton,85070.0,52.4
Riverside,Republican,Ted Cruz,82814.0,20.5
Fulton,Democrat,Hillary Clinton,82576.0,48.2
DeKalb,Democrat,Hillary Clinton,82348.0,39.7
Summit,Republican,Ted Cruz,79040.0,48.7
Wake,Democrat,Hillary Clinton,77927.0,48.0
Bexar,Democrat,Hillary Clinton,76502.0,26.3
Waukesha,Republican,Ted Cruz,75123.0,40.2
Essex,Democrat,Hillary Clinton,75071.0,36.6
Travis,Democrat,Hillary Clinton,73889.0,44.9
Baltimore,Democrat,Hillary Clinton,73099.0,35.7
Mecklenburg,Democrat,Hillary Clinton,71265.0,40.7
San Bernardino,Democrat,Hillary Clinton,71246.0,18.7
Nassau,Democrat,Hillary Clinton,70947.0,41.5
Contra Costa,Democrat,Hillary Clinton,69809.0,39.0
Westchester,Democrat,Hillary Clinton,69628.0,45.4
Suffolk,Republican,Ted Cruz,69379.0,32.9
Hillsborough,Democrat,Hillary Clinton,68936.0,35.0
Sacramento,Democrat,Hillary Clinton,68248.0,28.0
Hamilton,Republican,Ted Cruz,67510.0,55.1
Jefferson,Democrat,Martin O'Malley,67357.0,40.7
Shelby,Democrat,Martin O'Malley,66465.0,40.3
DuPage,Democrat,Hillary Clinton,65159.0,46.3
King,Republican,Ted Cruz,64740.0,46.6
Pinellas,Democrat,Hillary Clinton,63699.0,27.5
Macomb,Republican,Ted Cruz,60492.0,22.5
Marion,Democrat,Martin O'Malley,59649.0,27.4
Duval,Democrat,Hillary Clinton,58632.0,26.4
Pima,Democrat,Hillary Clinton,56317.0,29.8
Bergen,Democrat,Hillary Clinton,55264.0,45.9
Lee,Republican,Ted Cruz,51659.0,32.5
Bucks,Republican,Ted Cruz,51433.0,35.8
Erie,Democrat,Hillary Clinton,50199.0,30.9
Hudson,Democrat,Hillary Clinton,49798.0,36.3
Lake,Democrat,Hillary Clinton,49750.0,41.9
Jackson,Democrat,Martin O'Malley,48860.0,35.1
Pierce,Republican,Ted Cruz,48071.0,25.7
Middlesex,Democrat,Hillary Clinton,47978.0,40.1
San Mateo,Democrat,Hillary Clinton,47358.0,44.4
Will,Democrat,Hillary Clinton,46305.0,32.3
Collin,Republican,Ted Cruz,46094.0,49.3
Ventura,Democrat,Hillary Clinton,45848.0,31.4
Brevard,Republican,Ted Cruz,45483.0,26.3
Sonoma,Democrat,Hillary Clinton,44923.0,32.2
Delaware,Democrat,Martin O'Malley,44775.0,50.5
Ocean,Republican,Ted Cruz,44672.0,25.4
Camden,Democrat,Hillary Clinton,43720.0,29.1
Davidson,Democrat,Hillary Clinton,43691.0,35.9
Kent,Democrat,Hillary Clinton,43375.0,31.7
York,Republican,Ted Cruz,41948.0,42.0
Lane,Democrat,Hillary Clinton,41883.0,27.7
Washington,Democrat,Martin O'Malley,41841.0,39.4
Union,Democrat,Martin O'Malley,40972.0,32.2
Hidalgo,Democrat,Hillary Clinton,40276.0,15.9
Denton,Republican,Ted Cruz,39404.0,40.5
Cobb,Democrat,Hillary Clinton,39277.0,43.7
Richland,Democrat,Hillary Clinton,39243.0,36.1
New Castle,Democrat,Hillary Clinton,38580.0,33.8
Morris,Republican,Ted Cruz,38252.0,50.0
Bernalillo,Democrat,Hillary Clinton,38247.0,32.1
Lancaster,Republican,Ted Cruz,38171.0,36.1
Washtenaw,Democrat,Hillary Clinton,38063.0,51.3
Guilford,Democrat,Hillary Clinton,37880.0,33.2
Fresno,Republican,Ted Cruz,37672.0,19.6
Gwinnett,Democrat,Hillary Clinton,37465.0,33.9
Spokane,Republican,Ted Cruz,37357.0,28.4
Monroe,Democrat,Martin O'Malley,37309.0,43.4
El Paso,Democrat,Hillary Clinton,36067.0,35.2
Durham,Democrat,Hillary Clinton,35845.0,45.1
Anne Arundel,Democrat,Hillary Clinton,35659.0,37.1
Salt Lake,Democrat,Hillary Clinton,35610.0,31.0
Chester,Republican,Ted Cruz,35577.0,48.5
Snohomish,Republican,Ted Cruz,35474.0,28.9
Monmouth,Republican,Ted Cruz,35209.0,41.4
Pulaski,Democrat,Hillary Clinton,34862.0,31.2
Sarasota,Republican,Ted Cruz,34593.0,30.8
Oklahoma,Democrat,Hillary Clinton,34255.0,29.6
Volusia,Republican,Ted Cruz,34167.0,20.8
Kern,Republican,Ted Cruz,33838.0,15.0
Pasco,Republican,Ted Cruz,33536.0,20.4
Stark,Republican,Ted Cruz,33297.0,21.1
Polk,Republican,Ted Cruz,33187.0,34.9
Clark,Republican,Ted Cruz,32947.0,26.0
Burlington,Democrat,Hillary Clinton,32712.0,34.6
Westmoreland,Republican,Ted Cruz,32145.0,25.3
Lucas,Democrat,Martin O'Malley,32137.0,23.4
Solano,Democrat,Hillary Clinton,31753.0,24.3
Fort Bend,Republican,Ted Cruz,31422.0,41.4
Hinds,Democrat,Hillary Clinton,31386.0,27.4
Genesee,Democrat,Hillary Clinton,31284.0,20.8
Kane,Democrat,Hillary Clinton,31085.0,31.7
Rockingham,Democrat,Hillary Clinton,31080.0,37.2
Buncombe,Democrat,Hillary Clinton,30913.0,33.8
Howard,Democrat,Martin O'Malley,30873.0,60.0
Utah,Republican,Ted Cruz,30637.0,36.5
St. Charles,Republican,Ted Cruz,30489.0,35.1
Collier,Republican,Ted Cruz,30071.0,31.7
Allen,Republican,Ted Cruz,29963.0,26.3
Passaic,Democrat,Hillary Clinton,29538.0,25.6
Mercer,Democrat,Hillary Clinton,29505.0,38.8
Mobile,Democrat,Hillary Clinton,28927.0,20.7
Berks,Republican,Ted Cruz,28719.0,22.3
Luzerne,Republican,Ted Cruz,28660.0,21.0
Butler,Republican,Ted Cruz,28606.0,30.5
Henrico,Democrat,Hillary Clinton,28121.0,39.7
Clackamas,Democrat,Hillary Clinton,27969.0,31.8
Tulsa,Republican,Ted Cruz,27829.0,29.7
Leon,Democrat,Hillary Clinton,27333.0,44.2
Marin,Democrat,Hillary Clinton,27238.0,54.6
Greene,Republican,Ted Cruz,26784.0,36.0
Charleston,Democrat,Hillary Clinton,26535.0,39.4
Horry,Republican,Ted Cruz,26445.0,22.7
Prince William,Democrat,Hillary Clinton,26439.0,38.1
Manatee,Republican,Ted Cruz,26320.0,26.6
Seminole,Republican,Ted Cruz,25763.0,35.0
Placer,Republican,Ted Cruz,25700.0,35.1
Brown,Republican,Ted Cruz,25612.0,26.9
Arlington,Democrat,Hillary Clinton,25561.0,71.7
Santa Cruz,Democrat,Hillary Clinton,25171.0,37.0
Clayton,Democrat,Martin O'Malley,25130.0,18.0
San Joaquin,Democrat,Hillary Clinton,25118.0,18.1
Greenville,Republican,Ted Cruz,24913.0,31.2
Forsyth,Democrat,Hillary Clinton,24446.0,43.8
St. Johns,Republican,Ted Cruz,24205.0,41.4
Williamson,Republican,Ted Cruz,23880.0,52.8
Ottawa,Republican,Ted Cruz,23862.0,30.0
Madison,Republican,Ted Cruz,23791.0,45.8
Douglas,Republican,Ted Cruz,23754.0,36.4
Baldwin,Republican,Ted Cruz,23618.0,27.7
Santa Barbara,Democrat,Hillary Clinton,23543.0,31.3
Lackawanna,Democrat,Hillary Clinton,22971.0,25.7
Ingham,Democrat,Hillary Clinton,22909.0,36.5
Warren,Republican,Ted Cruz,22870.0,37.9
Cumberland,Democrat,Hillary Clinton,22744.0,41.0
Chesterfield,Democrat,Hillary Clinton,22674.0,36.3
Smith,Republican,Ted Cruz,21804.0,24.5
Harford,Republican,Ted Cruz,21771.0,32.7
Lorain,Republican,Ted Cruz,21544.0,22.2
Dauphin,Republican,Ted Cruz,21253.0,28.5
Loudoun,Democrat,Hillary Clinton,21171.0,57.9
Mahoning,Democrat,Hillary Clinton,21000.0,20.8
St. Clair,Democrat,Hillary Clinton,20987.0,25.3
Knox,Republican,Ted Cruz,20985.0,34.3
Lehigh,Republican,Ted Cruz,20891.0,28.1
Escambia,Republican,Ted Cruz,20856.0,23.7
Champaign,Democrat,Hillary Clinton,20581.0,42.4
Albany,Democrat,Hillary Clinton,20422.0,48.0
Onondaga,Democrat,Hillary Clinton,20397.0,33.1
Cameron,Democrat,Hillary Clinton,20326.0,15.4
Ada,Republican,Ted Cruz,20156.0,36.0
Kalamazoo,Democrat,Hillary Clinton,20146.0,34.0
Fayette,Democrat,Martin O'Malley,20014.0,42.6
Brazoria,Republican,Ted Cruz,19993.0,27.5
Chatham,Democrat,Hillary Clinton,19898.0,36.4
Somerset,Democrat,Hillary Clinton,19667.0,51.1
Clay,Republican,Ted Cruz,19374.0,41.6
San Luis Obispo,Republican,Ted Cruz,19313.0,31.5
Northampton,Republican,Ted Cruz,19285.0,26.6
Lubbock,Republican,Ted Cruz,19163.0,27.9
St. Joseph,Republican,Ted Cruz,19059.0,26.5
Racine,Republican,Ted Cruz,18698.0,23.0
Outagamie,Republican,Ted Cruz,18621.0,26.4
Medina,Republican,Ted Cruz,18572.0,29.6
Webb,Democrat,Hillary Clinton,18559.0,17.2
Hendricks,Republican,Ted Cruz,18555.0,32.2
Cherokee,Republican,Ted Cruz,18460.0,34.2
St. Lucie,Republican,Ted Cruz,18350.0,19.5
Merrimack,Democrat,Hillary Clinton,18076.0,33.3
Gloucester,Democrat,Hillary Clinton,17954.0,28.4
Yellowstone,Republican,Ted Cruz,17925.0,28.7
Trumbull,Democrat,Hillary Clinton,17903.0,17.0
Winnebago,Democrat,Martin O'Malley,17818.0,25.5
Sussex,Republican,Ted Cruz,17794.0,32.4
Okaloosa,Republican,Ted Cruz,17770.0,27.4
Sumter,Republican,Ted Cruz,17769.0,25.2
Alachua,Democrat,Hillary Clinton,17733.0,40.5
El Dorado,Republican,Ted Cruz,17651.0,32.0
Davis,Republican,Ted Cruz,17528.0,34.1
Galveston,Republican,Ted Cruz,17483.0,28.5
Licking,Republican,Ted Cruz,17357.0,21.9
Rock,Democrat,Hillary Clinton,17337.0,19.4
Johnson,Republican,Ted Cruz,17218.0,51.1
Clermont,Republican,Ted Cruz,17186.0,25.6
Monterey,Democrat,Hillary Clinton,17126.0,23.0
Yavapai,Republican,Ted Cruz,17005.0,24.2
Rockland,Democrat,Hillary Clinton,16966.0,40.4
Ozaukee,Republican,Ted Cruz,16919.0,44.9
Schuylkill,Republican,Ted Cruz,16800.0,14.3
Thurston,Republican,Ted Cruz,16639.0,32.3
Carroll,Republican,Ted Cruz,16534.0,32.7
Whatcom,Republican,Ted Cruz,16533.0,31.9
Charlotte,Republican,Ted Cruz,16525.0,21.2
McHenry,Republican,Ted Cruz,16514.0,32.4
Osceola,Democrat,Martin O'Malley,16512.0,17.6
Cleveland,Democrat,Hillary Clinton,16428.0,31.4
Lexington,Republican,Ted Cruz,16361.0,28.7
Kitsap,Republican,Ted Cruz,16346.0,29.5
Richmond,Democrat,Hillary Clinton,16269.0,20.5
Elkhart,Republican,Ted Cruz,16204.0,18.2
Porter,Republican,Ted Cruz,16194.0,25.4
Santa Fe,Democrat,Hillary Clinton,16087.0,39.7
Martin,Republican,Ted Cruz,16065.0,29.9
Santa Rosa,Republican,Ted Cruz,16044.0,25.9
Strafford,Democrat,Hillary Clinton,15865.0,31.8
Butte,Republican,Ted Cruz,15695.0,24.4
Nueces,Democrat,Hillary Clinton,15662.0,20.0
Henry,Democrat,Martin O'Malley,15639.0,26.1
Sheboygan,Republican,Ted Cruz,15545.0,22.4
Hernando,Republican,Ted Cruz,15479.0,15.5
Fairfield,Republican,Ted Cruz,15478.0,44.8
Stanislaus,Republican,Ted Cruz,15390.0,16.4
Livingston,Republican,Ted Cruz,15359.0,32.9
Tulare,Republican,Ted Cruz,15334.0,13.3
Spartanburg,Republican,Ted Cruz,15249.0,21.3
Citrus,Republican,Ted Cruz,15232.0,16.6
La Crosse,Democrat,Hillary Clinton,15139.0,29.9
Charles,Democrat,Hillary Clinton,15132.0,26.7
Frederick,Republican,Ted Cruz,15076.0,38.2
Boone,Democrat,Martin O'Malley,15076.0,47.3
Benton,Republican,Ted Cruz,14943.0,50.0
Yakima,Republican,Ted Cruz,14872.0,15.5
Shasta,Republican,Ted Cruz,14822.0,18.8
Denver,Democrat,Hillary Clinton,14624.0,42.9
Kenosha,Democrat,Hillary Clinton,14612.0,23.2
Vanderburgh,Republican,Ted Cruz,14544.0,22.6
Bay,Republican,Ted Cruz,14426.0,21.1
McLennan,Republican,Ted Cruz,14285.0,21.7
Deschutes,Republican,Ted Cruz,14264.0,31.0
Grafton,Democrat,Hillary Clinton,14258.0,37.7
Mohave,Republican,Ted Cruz,14154.0,11.9
Bell,Republican,Ted Cruz,13994.0,21.7
Kanawha,Republican,Ted Cruz,13936.0,25.0
Rankin,Republican,Ted Cruz,13729.0,28.5
Indian River,Republican,Ted Cruz,13678.0,26.6
Lebanon,Republican,Ted Cruz,13490.0,19.4
Marathon,Republican,Ted Cruz,13414.0,22.2
Missoula,Democrat,Hillary Clinton,13271.0,39.1
Humboldt,Democrat,Martin O'Malley,13245.0,27.5
Rutherford,Republican,Ted Cruz,13229.0,28.3
McLean,Republican,Ted Cruz,13085.0,42.8
Eau Claire,Democrat,Hillary Clinton,13058.0,31.0
Comal,Republican,Ted Cruz,13004.0,33.3
Beaver,Democrat,Hillary Clinton,12963.0,21.9
Bibb,Democrat,Hillary Clinton,12944.0,22.5
Lycoming,Republican,Ted Cruz,12898.0,18.8
Parker,Republican,Ted Cruz,12883.0,25.0
Blair,Republican,Ted Cruz,12870.0,18.4
Iredell,Republican,Ted Cruz,12861.0,23.9
Muscogee,Democrat,Hillary Clinton,12801.0,22.6
Fond du Lac,Republican,Ted Cruz,12750.0,20.0
New Hanover,Republican,Ted Cruz,12631.0,36.6
Randall,Republican,Ted Cruz,12593.0,30.2
Yolo,Democrat,Hillary Clinton,12567.0,37.9
Harrison,Republican,Ted Cruz,12555.0,20.7
Ellis,Republican,Ted Cruz,12546.0,23.9
Hall,Republican,Ted Cruz,12536.0,22.8
Cheshire,Democrat,Hillary Clinton,12471.0,30.4
Hunterdon,Republican,Ted Cruz,12450.0,47.6
Dutchess,Republican,Ted Cruz,12447.0,32.9
Saginaw,Democrat,Hillary Clinton,12348.0,19.1
DeSoto,Republican,Ted Cruz,12300.0,21.6
Sangamon,Republican,Ted Cruz,12261.0,32.5
Pinal,Republican,Ted Cruz,12182.0,18.0
Tuscaloosa,Democrat,Hillary Clinton,12136.0,27.0
Worcester,Democrat,Hillary Clinton,12132.0,33.8
Tazewell,Republican,Ted Cruz,12085.0,23.6
Brazos,Republican,Ted Cruz,12049.0,38.8
Geauga,Republican,Ted Cruz,12034.0,35.9
Kootenai,Republican,Ted Cruz,11924.0,23.3
Atlantic,Republican,Ted Cruz,11921.0,24.2
Pitt,Democrat,Hillary Clinton,11856.0,28.1
Orangeburg,Democrat,Hillary Clinton,11819.0,18.6
Brunswick,Republican,Ted Cruz,11584.0,25.1
Ulster,Democrat,Hillary Clinton,11572.0,29.9
Gaston,Republican,Ted Cruz,11528.0,18.0
Honolulu,Democrat,Hillary Clinton,11458.0,32.1
Peoria,Democrat,Hillary Clinton,11341.0,28.9
Cabarrus,Republican,Ted Cruz,11300.0,25.1
Saratoga,Republican,Ted Cruz,11204.0,37.1
Canyon,Republican,Ted Cruz,11164.0,16.8
Boulder,Democrat,Hillary Clinton,11142.0,58.3
Jasper,Republican,Ted Cruz,11113.0,20.2
Miami,Republican,Ted Cruz,11050.0,19.7
Catawba,Republican,Ted Cruz,10991.0,21.0
Wood,Republican,Ted Cruz,10968.0,29.5
Anderson,Republican,Ted Cruz,10953.0,23.5
Niagara,Republican,Ted Cruz,10940.0,22.2
Portage,Republican,Ted Cruz,10921.0,27.5
Morgan,Republican,Ted Cruz,10909.0,33.4
Oneida,Republican,Ted Cruz,10832.0,23.6
Johnston,Republican,Ted Cruz,10826.0,20.4
Cambria,Republican,Ted Cruz,10795.0,18.3
Walworth,Republican,Ted Cruz,10719.0,26.2
Flathead,Republican,Ted Cruz,10642.0,28.4
Cullman,Republican,Ted Cruz,10618.0,14.8
Christian,Republican,Ted Cruz,10586.0,25.9
Midland,Republican,Ted Cruz,10474.0,32.3
Dodge,Republican,Ted Cruz,10431.0,18.7
Josephine,Republican,Ted Cruz,10325.0,17.0
Tippecanoe,Republican,Ted Cruz,10296.0,35.7
Centre,Democrat,Hillary Clinton,10269.0,40.4
Rock Island,Democrat,Hillary Clinton,10216.0,21.8
Taylor,Republican,Ted Cruz,10160.0,24.4
Muskegon,Democrat,Hillary Clinton,10062.0,17.2
Providence,Democrat,Hillary Clinton,10006.0,26.4
Paulding,Republican,Ted Cruz,10002.0,23.4
Beaufort,Democrat,Hillary Clinton,9945.0,37.6
Adams,Republican,Ted Cruz,9754.0,21.9
New Haven,Democrat,Hillary Clinton,9710.0,32.9
Sumner,Republican,Ted Cruz,9708.0,23.7
Flagler,Republican,Ted Cruz,9684.0,23.3
Coweta,Republican,Ted Cruz,9593.0,26.9
Hancock,Republican,Ted Cruz,9520.0,26.3
LaPorte,Republican,Ted Cruz,9494.0,17.3
Berkeley,Democrat,Hillary Clinton,9471.0,21.3
Sarpy,Republican,Ted Cruz,9459.0,36.2
Florence,Democrat,Hillary Clinton,9411.0,21.3
Rowan,Republican,Ted Cruz,9369.0,23.8
Manitowoc,Republican,Ted Cruz,9320.0,18.7
Tompkins,Democrat,Hillary Clinton,9298.0,49.3
Guadalupe,Republican,Ted Cruz,9283.0,24.6
Columbia,Republican,Ted Cruz,9177.0,34.1
Broome,Democrat,Hillary Clinton,9176.0,26.1
Marshall,Republican,Ted Cruz,9115.0,19.6
Randolph,Republican,Ted Cruz,9108.0,19.1
Linn,Republican,Ted Cruz,9085.0,31.2
Aiken,Republican,Ted Cruz,9027.0,24.0
Calhoun,Republican,Ted Cruz,8960.0,19.5
Dougherty,Democrat,Hillary Clinton,8891.0,17.8
Columbiana,Republican,Ted Cruz,8823.0,12.6
Kosciusko,Republican,Ted Cruz,8748.0,20.3
Cowlitz,Republican,Ted Cruz,8727.0,15.4
Sullivan,Republican,Ted Cruz,8718.0,25.6
Etowah,Republican,Ted Cruz,8657.0,14.8
Grayson,Republican,Ted Cruz,8647.0,19.6
Hanover,Republican,Ted Cruz,8586.0,35.5
Wilson,Republican,Ted Cruz,8570.0,26.0
Nash,Democrat,Hillary Clinton,8554.0,19.2
Vigo,Republican,Ted Cruz,8539.0,21.2
Elmore,Republican,Ted Cruz,8525.0,21.0
Lewis,Republican,Ted Cruz,8513.0,16.2
Nevada,Democrat,Hillary Clinton,8472.0,32.3
Robeson,Democrat,Hillary Clinton,8457.0,12.5
Klamath,Republican,Ted Cruz,8451.0,19.7
Walker,Republican,Ted Cruz,8394.0,17.9
Gregg,Republican,Ted Cruz,8363.0,19.9
Onslow,Republican,Ted Cruz,8343.0,18.0
Cape May,Republican,Ted Cruz,8338.0,28.7
Gallatin,Republican,Ted Cruz,8313.0,46.0
Henderson,Republican,Ted Cruz,8301.0,27.7
Albemarle,Democrat,Hillary Clinton,8284.0,52.2
Bartow,Republican,Ted Cruz,8281.0,15.9
Hays,Republican,Ted Cruz,8254.0,36.7
Madera,Republican,Ted Cruz,8247.0,13.6
Limestone,Republican,Ted Cruz,8198.0,22.7
Houston,Republican,Ted Cruz,8171.0,24.0
Pennington,Republican,Ted Cruz,8162.0,27.8
Cascade,Republican,Ted Cruz,8129.0,24.6
Canadian,Republican,Ted Cruz,8105.0,25.3
Monongalia,Democrat,Hillary Clinton,8096.0,38.1
Grand Traverse,Democrat,Hillary Clinton,8091.0,30.4
Northumberland,Republican,Ted Cruz,8087.0,22.1
Kaufman,Republican,Ted Cruz,8027.0,17.6
Blount,Republican,Ted Cruz,8009.0,20.8
Rockdale,Democrat,Hillary Clinton,7930.0,26.0
Bartholomew,Republican,Ted Cruz,7918.0,26.5
Walton,Republican,Ted Cruz,7910.0,24.1
Clearfield,Republican,Ted Cruz,7862.0,13.5
Berrien,Republican,Ted Cruz,7817.0,24.2
Bonneville,Republican,Ted Cruz,7794.0,26.0
Grant,Republican,Ted Cruz,7778.0,24.2
Sevier,Republican,Ted Cruz,7686.0,16.4
Cass,Republican,Ted Cruz,7671.0,23.6
Indiana,Republican,Ted Cruz,7585.0,21.9
Armstrong,Republican,Ted Cruz,7578.0,24.7
Allegan,Republican,Ted Cruz,7530.0,20.2
Saline,Republican,Ted Cruz,7507.0,23.4
Lauderdale,Republican,Ted Cruz,7502.0,21.1
Kendall,Democrat,Hillary Clinton,7482.0,39.7
Highlands,Republican,Ted Cruz,7480.0,14.9
Crawford,Republican,Ted Cruz,7471.0,18.7
Floyd,Republican,Ted Cruz,7456.0,22.6
Warrick,Republican,Ted Cruz,7450.0,27.2
Sandoval,Democrat,Hillary Clinton,7448.0,28.3
Gadsden,Democrat,Hillary Clinton,7446.0,14.9
Lapeer,Republican,Ted Cruz,7446.0,17.0
Skagit,Republican,Ted Cruz,7444.0,23.6
Hartford,Democrat,Hillary Clinton,7413.0,34.9
Alamance,Democrat,Hillary Clinton,7374.0,21.7
Napa,Democrat,Hillary Clinton,7370.0,31.3
Cecil,Republican,Ted Cruz,7348.0,22.2
Moore,Republican,Ted Cruz,7347.0,31.3
Stafford,Republican,Ted Cruz,7339.0,36.2
Cape Girardeau,Republican,Ted Cruz,7332.0,27.4
Raleigh,Republican,Ted Cruz,7325.0,17.0
Newton,Democrat,Hillary Clinton,7269.0,19.4
Hunt,Republican,Ted Cruz,7249.0,16.6
Ector,Republican,Ted Cruz,7232.0,13.5
Tom Green,Republican,Ted Cruz,7231.0,21.6
Rockwall,Republican,Ted Cruz,7202.0,36.5
Sauk,Democrat,Hillary Clinton,7195.0,21.0
Cache,Republican,Ted Cruz,7172.0,36.9
Merced,Democrat,Hillary Clinton,7169.0,12.6
Pickens,Republican,Ted Cruz,7136.0,23.0
Clarke,Democrat,Martin O'Malley,7089.0,39.5
Carteret,Republican,Ted Cruz,7077.0,23.9
Weber,Republican,Ted Cruz,7058.0,22.7
Bowie,Republican,Ted Cruz,7057.0,19.0
Kings,Republican,Ted Cruz,7046.0,12.9
Wichita,Republican,Ted Cruz,7008.0,20.1
Eaton,Democrat,Hillary Clinton,7007.0,24.6
Wicomico,Republican,Ted Cruz,6998.0,26.3
Lawrence,Republican,Ted Cruz,6964.0,29.1
LaSalle,Republican,Ted Cruz,6950.0,15.9
Dorchester,Republican,Ted Cruz,6949.0,24.5
Coconino,Democrat,Hillary Clinton,6941.0,31.1
Island,Republican,Ted Cruz,6930.0,31.7
Starr,Democrat,Hillary Clinton,6918.0,8.6
St. Croix,Republican,Ted Cruz,6892.0,33.0
Angelina,Republican,Ted Cruz,6875.0,15.0
Schenectady,Democrat,Hillary Clinton,6862.0,29.0
Spotsylvania,Republican,Ted Cruz,6858.0,28.2
Washoe,Republican,Ted Cruz,6850.0,27.3
Yamhill,Republican,Ted Cruz,6843.0,22.5
Clallam,Republican,Ted Cruz,6715.0,24.2
Larimer,Democrat,Hillary Clinton,6664.0,43.8
Macon,Republican,Ted Cruz,6655.0,22.3
Rensselaer,Democrat,Hillary Clinton,6649.0,28.6
Dearborn,Republican,Ted Cruz,6617.0,17.6
Muskingum,Republican,Ted Cruz,6599.0,14.2
St. Mary's,Republican,Ted Cruz,6576.0,29.5
Bedford,Republican,Ted Cruz,6540.0,25.0
Bradford,Republican,Ted Cruz,6501.0,17.1
Edgecombe,Democrat,Hillary Clinton,6411.0,10.5
Kankakee,Republican,Ted Cruz,6403.0,17.1
Putnam,Republican,Ted Cruz,6395.0,38.4
Jones,Republican,Ted Cruz,6388.0,17.8
Calvert,Republican,Ted Cruz,6360.0,30.0
Hardin,Republican,Ted Cruz,6354.0,20.8
Cochise,Republican,Ted Cruz,6339.0,22.5
Talladega,Republican,Ted Cruz,6304.0,13.0
Lincoln,Republican,Ted Cruz,6293.0,39.4
Ravalli,Republican,Ted Cruz,6281.0,24.5
Allegany,Republican,Ted Cruz,6272.0,18.9
Faulkner,Republican,Ted Cruz,6228.0,27.2
Halifax,Democrat,Hillary Clinton,6224.0,15.2
Lewis and Clark,Republican,Ted Cruz,6194.0,37.5
Cole,Republican,Ted Cruz,6159.0,30.8
Oswego,Republican,Ted Cruz,6151.0,17.2
Calumet,Republican,Ted Cruz,6139.0,27.6
Ashtabula,Republican,Ted Cruz,6127.0,12.6
Bradley,Republican,Ted Cruz,6103.0,18.5
Arapahoe,Democrat,Hillary Clinton,6086.0,38.8
Sebastian,Republican,Ted Cruz,6030.0,19.2
Tuscarawas,Republican,Ted Cruz,6025.0,15.2
Minnehaha,Democrat,Hillary Clinton,6018.0,29.2
Belknap,Democrat,Hillary Clinton,5990.0,28.0
Carbon,Republican,Ted Cruz,5977.0,27.6
Cabell,Republican,Ted Cruz,5977.0,25.8
Coos,Republican,Ted Cruz,5961.0,18.0
Steuben,Republican,Ted Cruz,5957.0,20.8
Van Zandt,Republican,Ted Cruz,5954.0,13.5
Hood,Republican,Ted Cruz,5948.0,24.1
Whitfield,Republican,Ted Cruz,5945.0,14.0
Wilkes,Republican,Ted Cruz,5889.0,14.5
Rogers,Republican,Ted Cruz,5850.0,23.0
Chippewa,Republican,Ted Cruz,5832.0,18.6
Watauga,Democrat,Hillary Clinton,5811.0,37.9
Liberty,Republican,Ted Cruz,5805.0,20.6
Platte,Republican,Ted Cruz,5798.0,39.2
James City,Republican,Ted Cruz,5780.0,45.8
Victoria,Republican,Ted Cruz,5750.0,16.3
San Juan,Republican,Ted Cruz,5749.0,45.1
Imperial,Democrat,Hillary Clinton,5743.0,13.3
Scioto,Republican,Ted Cruz,5729.0,14.2
Chelan,Republican,Ted Cruz,5717.0,23.9
Athens,Democrat,Hillary Clinton,5663.0,28.2
Roanoke,Republican,Ted Cruz,5650.0,33.1
Craven,Republican,Ted Cruz,5608.0,21.0
Hawaii,Democrat,Hillary Clinton,5605.0,25.6
Caldwell,Republican,Ted Cruz,5599.0,16.8
Garland,Republican,Ted Cruz,5538.0,20.9
Marquette,Democrat,Hillary Clinton,5530.0,29.1
Glynn,Republican,Ted Cruz,5516.0,26.1
Wise,Republican,Ted Cruz,5513.0,16.1
Mason,Republican,Ted Cruz,5491.0,26.5
Darke,Republican,Ted Cruz,5437.0,11.9
Perry,Republican,Ted Cruz,5424.0,15.5
Potter,Republican,Ted Cruz,5400.0,18.5
Autauga,Republican,Ted Cruz,5387.0,20.9
Belmont,Republican,Ted Cruz,5313.0,14.4
Chilton,Republican,Ted Cruz,5273.0,12.9
Huntingdon,Republican,Ted Cruz,5230.0,13.5
Nacogdoches,Republican,Ted Cruz,5229.0,24.3
Stanly,Republican,Ted Cruz,5202.0,16.0
Lamar,Republican,Ted Cruz,5197.0,33.1
Queen Anne's,Republican,Ted Cruz,5195.0,33.2
Waupaca,Republican,Ted Cruz,5194.0,16.6
Lowndes,Republican,Ted Cruz,5194.0,23.1
Daviess,Democrat,Hillary Clinton,5188.0,18.8
Pike,Republican,Ted Cruz,5187.0,23.0
Lenawee,Republican,Ted Cruz,5167.0,19.3
Kenton,Democrat,Hillary Clinton,5146.0,29.1
Ashland,Republican,Ted Cruz,5139.0,21.7
Augusta,Republican,Ted Cruz,5117.0,19.9
Woodford,Republican,Ted Cruz,5091.0,31.6
Taney,Republican,Ted Cruz,5086.0,18.6
Stevens,Republican,Ted Cruz,5075.0,18.6
Umatilla,Republican,Ted Cruz,5065.0,15.5
Sandusky,Republican,Ted Cruz,5064.0,13.7
Susquehanna,Republican,Ted Cruz,5027.0,16.5
Vermilion,Republican,Ted Cruz,5021.0,13.9
Preble,Republican,Ted Cruz,5019.0,11.3
Auglaize,Republican,Ted Cruz,4998.0,17.1
Plymouth,Democrat,Martin O'Malley,4997.0,33.5
Darlington,Democrat,Hillary Clinton,4988.0,17.0
Burke,Republican,Ted Cruz,4985.0,16.6
Tuolumne,Republican,Ted Cruz,4949.0,19.5
Harnett,Republican,Ted Cruz,4943.0,18.5
Georgetown,Democrat,Hillary Clinton,4931.0,22.7
Ross,Republican,Ted Cruz,4918.0,13.7
Rio Arriba,Democrat,Hillary Clinton,4915.0,16.4
Calaveras,Republican,Ted Cruz,4902.0,21.2
Fauquier,Republican,Ted Cruz,4888.0,33.2
Pickaway,Republican,Ted Cruz,4885.0,16.1
Rusk,Republican,Ted Cruz,4884.0,14.3
Kerr,Republican,Ted Cruz,4846.0,28.2
Venango,Republican,Ted Cruz,4808.0,15.4
McKinley,Democrat,Hillary Clinton,4761.0,11.2
Lenoir,Democrat,Hillary Clinton,4731.0,14.0
Twin Falls,Republican,Ted Cruz,4717.0,16.3
Sutter,Republican,Ted Cruz,4697.0,18.7
Granville,Democrat,Hillary Clinton,4693.0,16.4
Dubois,Republican,Ted Cruz,4692.0,18.9
Buchanan,Republican,Ted Cruz,4691.0,20.1
Hamblen,Republican,Ted Cruz,4690.0,16.0
Walla Walla,Republican,Ted Cruz,4689.0,26.0
Jim Wells,Democrat,Hillary Clinton,4688.0,11.1
Tallapoosa,Republican,Ted Cruz,4658.0,16.3
Maury,Republican,Ted Cruz,4655.0,17.4
Mendocino,Democrat,Hillary Clinton,4654.0,22.0
Barrow,Republican,Ted Cruz,4653.0,17.1
Chautauqua,Republican,Ted Cruz,4648.0,20.7
Marinette,Republican,Ted Cruz,4633.0,13.6
Williamsburg,Democrat,Hillary Clinton,4609.0,12.2
Covington,Republican,Ted Cruz,4608.0,14.2
Grays Harbor,Republican,Ted Cruz,4598.0,14.1
Seneca,Republican,Ted Cruz,4596.0,19.2
Pearl River,Republican,Ted Cruz,4562.0,13.2
Vance,Democrat,Hillary Clinton,4561.0,11.4
Clinton,Democrat,Martin O'Malley,4524.0,28.2
Wagoner,Republican,Ted Cruz,4459.0,21.6
Shiawassee,Democrat,Hillary Clinton,4452.0,14.2
Apache,Democrat,Hillary Clinton,4450.0,10.4
Catoosa,Republican,Ted Cruz,4449.0,17.5
Hawkins,Republican,Ted Cruz,4426.0,12.7
Oconee,Republican,Ted Cruz,4424.0,43.1
Noble,Republican,Ted Cruz,4422.0,21.5
Tioga,Republican,Ted Cruz,4421.0,24.1
Maui,Democrat,Hillary Clinton,4419.0,25.7
Navajo,Democrat,Hillary Clinton,4415.0,14.9
Oconto,Republican,Ted Cruz,4409.0,14.9
Bannock,Republican,Ted Cruz,4404.0,26.8
White,Republican,Ted Cruz,4395.0,19.3
Yuma,Republican,Ted Cruz,4390.0,14.3
Russell,Democrat,Hillary Clinton,4381.0,16.0
Green,Democrat,Hillary Clinton,4359.0,20.6
Upshur,Republican,Ted Cruz,4358.0,15.4
Maverick,Democrat,Hillary Clinton,4342.0,12.2
Gordon,Republican,Ted Cruz,4339.0,14.2
Taos,Democrat,Hillary Clinton,4325.0,29.5
Mifflin,Republican,Ted Cruz,4310.0,11.5
Ogle,Republican,Ted Cruz,4307.0,19.9
Coffee,Republican,Ted Cruz,4304.0,22.5
Dunn,Democrat,Hillary Clinton,4272.0,24.7
Shawano,Republican,Ted Cruz,4269.0,15.3
Forrest,Republican,Ted Cruz,4267.0,27.0
Carter,Republican,Ted Cruz,4266.0,17.1
Spalding,Republican,Ted Cruz,4257.0,14.8
Gibson,Republican,Ted Cruz,4237.0,16.5
Howell,Republican,Ted Cruz,4230.0,15.4
Clarion,Republican,Ted Cruz,4224.0,18.5
Barron,Republican,Ted Cruz,4217.0,16.2
Surry,Republican,Ted Cruz,4213.0,16.7
Bastrop,Republican,Ted Cruz,4202.0,16.3
Loudon,Republican,Ted Cruz,4198.0,25.2
Pittsylvania,Republican,Ted Cruz,4198.0,13.7
Preston,Republican,Ted Cruz,4187.0,12.6
Dale,Republican,Ted Cruz,4151.0,17.0
Scott,Democrat,Martin O'Malley,4144.0,31.6
Cooke,Republican,Ted Cruz,4143.0,19.5
Troup,Republican,Ted Cruz,4140.0,18.6
Webster,Republican,Ted Cruz,4124.0,19.2
Ontario,Republican,Ted Cruz,4122.0,31.7
Craighead,Republican,Ted Cruz,4108.0,24.4
Huntington,Republican,Ted Cruz,4100.0,16.9
Silver Bow,Democrat,Hillary Clinton,4089.0,22.2
Robertson,Republican,Ted Cruz,4077.0,17.1
Whitley,Republican,Ted Cruz,4064.0,16.7
Logan,Republican,Ted Cruz,4064.0,24.5
St. Francois,Republican,Ted Cruz,4061.0,14.3
Pender,Republican,Ted Cruz,4033.0,21.7
Lonoke,Republican,Ted Cruz,4028.0,18.2
Burnet,Republican,Ted Cruz,4026.0,21.9
Isabella,Democrat,Hillary Clinton,4024.0,25.3
Barnstable,Democrat,Hillary Clinton,4020.0,39.1
Huron,Republican,Ted Cruz,4019.0,13.7
Hill,Republican,Ted Cruz,4003.0,22.6
Chemung,Republican,Ted Cruz,3982.0,21.5
Defiance,Republican,Ted Cruz,3956.0,16.5
Herkimer,Republican,Ted Cruz,3955.0,20.5
Williams,Republican,Ted Cruz,3943.0,12.8
Tehama,Republican,Ted Cruz,3940.0,13.5
Wabash,Republican,Ted Cruz,3932.0,17.0
Stone,Republican,Ted Cruz,3928.0,15.2
Colbert,Democrat,Hillary Clinton,3879.0,17.7
Ohio,Republican,Ted Cruz,3875.0,29.1
Haywood,Democrat,Hillary Clinton,3873.0,23.1
Davie,Republican,Ted Cruz,3847.0,24.9
McKean,Republican,Ted Cruz,3845.0,15.1
Highland,Republican,Ted Cruz,3831.0,20.9
Payne,Democrat,Hillary Clinton,3829.0,35.9
Wells,Republican,Ted Cruz,3826.0,15.7
Creek,Republican,Ted Cruz,3812.0,15.3
Comanche,Democrat,Hillary Clinton,3804.0,19.9
Baxter,Republican,Ted Cruz,3798.0,16.5
Sampson,Democrat,Hillary Clinton,3790.0,12.6
Stokes,Republican,Ted Cruz,3776.0,13.4
Chambers,Republican,Ted Cruz,3758.0,18.0
Tuscola,Republican,Ted Cruz,3750.0,12.7
Buffalo,Republican,Ted Cruz,3748.0,31.6
Snyder,Republican,Ted Cruz,3745.0,16.7
Levy,Republican,Ted Cruz,3745.0,11.1
Kershaw,Democrat,Hillary Clinton,3743.0,19.3
Ripley,Republican,Ted Cruz,3694.0,15.9
Van Buren,Democrat,Martin O'Malley,3656.0,17.9
Effingham,Republican,Ted Cruz,3648.0,20.0
Black Hawk,Democrat,Martin O'Malley,3647.0,25.3
Roane,Republican,Ted Cruz,3634.0,17.3
Columbus,Democrat,Hillary Clinton,3628.0,12.2
Grundy,Republican,Ted Cruz,3625.0,20.7
Tipton,Republican,Ted Cruz,3618.0,16.4
Chaves,Republican,Ted Cruz,3612.0,18.4
Amador,Republican,Ted Cruz,3605.0,19.3
McMinn,Republican,Ted Cruz,3604.0,14.3
Marengo,Democrat,Hillary Clinton,3590.0,17.4
Greenwood,Democrat,Hillary Clinton,3588.0,22.1
Siskiyou,Republican,Ted Cruz,3573.0,23.9
Garrett,Republican,Ted Cruz,3564.0,18.3
Clarendon,Democrat,Hillary Clinton,3564.0,13.0
Newaygo,Republican,Ted Cruz,3557.0,12.9
Macoupin,Democrat,Hillary Clinton,3552.0,15.9
Wyoming,Republican,Ted Cruz,3547.0,17.4
McCracken,Democrat,Hillary Clinton,3541.0,22.5
Hoke,Democrat,Hillary Clinton,3528.0,17.2
Muskogee,Democrat,Hillary Clinton,3515.0,17.9
Cattaraugus,Republican,Ted Cruz,3503.0,17.2
Mineral,Republican,Ted Cruz,3481.0,13.2
Barry,Republican,Ted Cruz,3478.0,17.7
Vernon,Democrat,Hillary Clinton,3476.0,19.5
Bingham,Republican,Ted Cruz,3471.0,17.3
Bladen,Democrat,Hillary Clinton,3442.0,10.5
Morrow,Republican,Ted Cruz,3440.0,14.1
Yadkin,Republican,Ted Cruz,3436.0,13.1
Phelps,Republican,Ted Cruz,3425.0,27.2
Gillespie,Republican,Ted Cruz,3421.0,29.2
San Miguel,Democrat,Hillary Clinton,3418.0,53.5
Door,Democrat,Hillary Clinton,3417.0,29.0
Eddy,Republican,Ted Cruz,3409.0,16.7
Pottawatomie,Democrat,Hillary Clinton,3400.0,17.6
Campbell,Republican,Ted Cruz,3399.0,28.5
Waller,Republican,Ted Cruz,3391.0,19.0
Crittenden,Democrat,Hillary Clinton,3379.0,13.9
Copiah,Democrat,Hillary Clinton,3373.0,13.5
Navarro,Republican,Ted Cruz,3372.0,16.5
Jennings,Republican,Ted Cruz,3361.0,9.6
Winston,Republican,Ted Cruz,3352.0,15.8
Pettis,Republican,Ted Cruz,3343.0,15.2
Kittitas,Republican,Ted Cruz,3337.0,33.6
Wilcox,Democrat,Hillary Clinton,3337.0,11.1
Clatsop,Democrat,Hillary Clinton,3334.0,23.2
Coryell,Republican,Ted Cruz,3327.0,15.1
Laurens,Republican,Ted Cruz,3321.0,15.0
Decatur,Republican,Ted Cruz,3319.0,18.4
Gilmer,Republican,Ted Cruz,3314.0,16.6
Box Elder,Republican,Ted Cruz,3314.0,21.2
Holmes,Democrat,Hillary Clinton,3301.0,12.7
Habersham,Republican,Ted Cruz,3289.0,17.1
Erath,Republican,Ted Cruz,3286.0,24.3
Sanilac,Republican,Ted Cruz,3279.0,11.4
Callaway,Republican,Ted Cruz,3261.0,21.1
Otero,Republican,Ted Cruz,3256.0,16.6
Vilas,Republican,Ted Cruz,3241.0,24.1
Wharton,Republican,Ted Cruz,3229.0,14.6
Hopkins,Republican,Ted Cruz,3213.0,15.7
Bullitt,Democrat,Hillary Clinton,3210.0,12.7
Yuba,Republican,Ted Cruz,3210.0,13.7
Austin,Republican,Ted Cruz,3201.0,18.6
Cocke,Republican,Ted Cruz,3200.0,9.5
Iowa,Democrat,Martin O'Malley,3198.0,21.7
Posey,Republican,Ted Cruz,3159.0,20.5
Coles,Republican,Ted Cruz,3156.0,24.2
Bonner,Republican,Ted Cruz,3132.0,21.1
Valencia,Democrat,Hillary Clinton,3123.0,16.6
Lea,Republican,Ted Cruz,3112.0,13.3
Bulloch,Republican,Ted Cruz,3111.0,27.7
Geneva,Republican,Ted Cruz,3106.0,10.4
Talbot,Republican,Ted Cruz,3104.0,33.3
Whiteside,Democrat,Hillary Clinton,3102.0,16.2
Murray,Republican,Ted Cruz,3084.0,19.0
Pope,Republican,Ted Cruz,3073.0,20.7
Gila,Republican,Ted Cruz,3065.0,16.1
Panola,Democrat,Hillary Clinton,3061.0,14.3
Hillsdale,Republican,Ted Cruz,3060.0,15.3
Crook,Republican,Ted Cruz,3051.0,14.5
Montcalm,Republican,Ted Cruz,3051.0,13.4
San Patricio,Republican,Ted Cruz,3047.0,14.7
Stephenson,Republican,Ted Cruz,3038.0,17.9
Duplin,Democrat,Hillary Clinton,3036.0,10.4
Bolivar,Democrat,Hillary Clinton,3029.0,21.2
Guernsey,Republican,Ted Cruz,3029.0,12.9
Pittsburg,Democrat,Hillary Clinton,3026.0,15.3
Cayuga,Republican,Ted Cruz,3024.0,19.6
Stoddard,Republican,Ted Cruz,3024.0,13.3
Grady,Republican,Ted Cruz,3020.0,16.8
Greenbrier,Republican,Ted Cruz,3005.0,17.1
Fannin,Republican,Ted Cruz,3001.0,15.0
Salem,Republican,Ted Cruz,2994.0,20.4
Colquitt,Republican,Ted Cruz,2967.0,13.1
Person,Democrat,Hillary Clinton,2954.0,14.7
Curry,Republican,Ted Cruz,2936.0,20.7
Colleton,Democrat,Hillary Clinton,2932.0,14.7
Hertford,Democrat,Hillary Clinton,2926.0,15.4
Alcorn,Republican,Ted Cruz,2901.0,17.4
Gallia,Republican,Ted Cruz,2900.0,15.2
Humphreys,Democrat,Hillary Clinton,2894.0,12.4
Suwannee,Republican,Ted Cruz,2844.0,9.8
Iroquois,Republican,Ted Cruz,2836.0,14.6
Alexander,Republican,Ted Cruz,2830.0,11.7
Okanogan,Republican,Ted Cruz,2828.0,16.5
Haralson,Republican,Ted Cruz,2818.0,14.1
Palo Pinto,Republican,Ted Cruz,2813.0,15.1
Ionia,Democrat,Hillary Clinton,2812.0,14.0
Garfield,Republican,Ted Cruz,2798.0,22.7
Juneau,Republican,Ted Cruz,2780.0,12.4
Coshocton,Republican,Ted Cruz,2747.0,12.3
Fountain,Republican,Ted Cruz,2742.0,11.9
Miller,Republican,Ted Cruz,2741.0,14.5
Story,Democrat,Martin O'Malley,2737.0,47.7
Oldham,Democrat,Hillary Clinton,2730.0,40.1
Dickson,Republican,Ted Cruz,2730.0,14.2
Tift,Republican,Ted Cruz,2697.0,16.0
Phillips,Democrat,Hillary Clinton,2696.0,16.8
Van Wert,Republican,Ted Cruz,2688.0,15.4
Owen,Republican,Ted Cruz,2679.0,15.9
Scotland,Democrat,Hillary Clinton,2671.0,17.0
Texas,Republican,Ted Cruz,2659.0,18.8
Barren,Democrat,Hillary Clinton,2653.0,14.7
Dare,Republican,Ted Cruz,2650.0,30.6
Thomas,Republican,Ted Cruz,2649.0,22.7
Dawson,Republican,Ted Cruz,2649.0,24.4
Elk,Republican,Ted Cruz,2647.0,14.9
Graves,Democrat,Hillary Clinton,2631.0,16.9
Otsego,Democrat,Hillary Clinton,2623.0,26.8
Culpeper,Republican,Ted Cruz,2620.0,22.6
Bayfield,Democrat,Hillary Clinton,2604.0,28.5
Emmet,Democrat,Martin O'Malley,2589.0,31.8
Plumas,Republican,Ted Cruz,2588.0,22.6
Wexford,Republican,Ted Cruz,2578.0,16.8
LaGrange,Republican,Ted Cruz,2571.0,10.3
Barbour,Democrat,Hillary Clinton,2567.0,13.4
McDowell,Republican,Ted Cruz,2552.0,13.9
Malheur,Republican,Ted Cruz,2543.0,13.1
Orleans,Republican,Ted Cruz,2532.0,16.4
Cheatham,Republican,Ted Cruz,2530.0,18.9
Cleburne,Republican,Ted Cruz,2530.0,16.8
Hood River,Democrat,Hillary Clinton,2527.0,30.5
Lafayette,Republican,Ted Cruz,2521.0,37.2
Caroline,Republican,Ted Cruz,2521.0,16.8
Powhatan,Republican,Ted Cruz,2509.0,27.6
Lassen,Republican,Ted Cruz,2508.0,13.1
Dubuque,Democrat,Martin O'Malley,2504.0,27.1
Pontotoc,Republican,Ted Cruz,2498.0,28.0
Isle of Wight,Republican,Ted Cruz,2497.0,25.5
McClain,Republican,Ted Cruz,2484.0,20.4
Kewaunee,Republican,Ted Cruz,2481.0,13.5
Pasquotank,Democrat,Hillary Clinton,2471.0,20.1
Starke,Republican,Ted Cruz,2456.0,12.3
Branch,Republican,Ted Cruz,2455.0,13.4
Lumpkin,Republican,Ted Cruz,2453.0,25.4
Bullock,Democrat,Hillary Clinton,2451.0,12.5
Trempealeau,Democrat,Hillary Clinton,2429.0,17.5
Stephens,Republican,Ted Cruz,2428.0,17.4
Hale,Democrat,Hillary Clinton,2426.0,13.2
Mingo,Democrat,Hillary Clinton,2425.0,10.7
Simpson,Republican,Ted Cruz,2420.0,14.8
Hutchinson,Republican,Ted Cruz,2418.0,25.2
Tooele,Republican,Ted Cruz,2412.0,20.4
Langlade,Republican,Ted Cruz,2407.0,13.2
Dyer,Republican,Ted Cruz,2400.0,18.1
Shenandoah,Republican,Ted Cruz,2400.0,19.8
Scotts Bluff,Republican,Ted Cruz,2397.0,20.0
Nelson,Democrat,Hillary Clinton,2395.0,26.7
Waushara,Republican,Ted Cruz,2391.0,14.3
Juniata,Republican,Ted Cruz,2390.0,11.8
Osage,Democrat,Hillary Clinton,2390.0,16.1
Oktibbeha,Democrat,Hillary Clinton,2389.0,42.6
Chenango,Republican,Ted Cruz,2384.0,17.1
Meigs,Republican,Ted Cruz,2378.0,12.2
Currituck,Republican,Ted Cruz,2368.0,18.4
Rush,Republican,Ted Cruz,2362.0,15.1
Leelanau,Democrat,Hillary Clinton,2359.0,39.2
Spencer,Republican,Ted Cruz,2350.0,16.6
Rhea,Republican,Ted Cruz,2339.0,12.6
San Jacinto,Republican,Ted Cruz,2333.0,12.0
Atascosa,Republican,Ted Cruz,2333.0,14.1
Sunflower,Democrat,Hillary Clinton,2332.0,13.0
Baker,Republican,Ted Cruz,2330.0,20.9
Rutland,Democrat,Hillary Clinton,2318.0,28.0
Laurel,Republican,Ted Cruz,2313.0,12.6
Anson,Democrat,Hillary Clinton,2307.0,10.2
Coahoma,Democrat,Hillary Clinton,2301.0,17.5
Klickitat,Republican,Ted Cruz,2289.0,19.5
Iron,Republican,Ted Cruz,2287.0,26.4
Asotin,Republican,Ted Cruz,2270.0,17.8
Bandera,Republican,Ted Cruz,2268.0,21.9
Boyd,Democrat,Hillary Clinton,2262.0,16.3
Roscommon,Republican,Ted Cruz,2257.0,12.9
Neshoba,Republican,Ted Cruz,2249.0,12.6
George,Republican,Ted Cruz,2245.0,10.3
Calloway,Democrat,Hillary Clinton,2239.0,27.7
Eastland,Republican,Ted Cruz,2221.0,16.0
Bryan,Republican,Ted Cruz,2214.0,30.6
Gray,Republican,Ted Cruz,2210.0,13.5
Nicholas,Republican,Ted Cruz,2210.0,14.1
Tillamook,Democrat,Hillary Clinton,2207.0,20.7
Grimes,Republican,Ted Cruz,2207.0,11.1
Meade,Republican,Ted Cruz,2204.0,19.6
Freestone,Republican,Ted Cruz,2204.0,11.7
Yazoo,Democrat,Hillary Clinton,2203.0,11.9
Okeechobee,Republican,Ted Cruz,2202.0,10.2
Jay,Republican,Ted Cruz,2194.0,10.0
Kay,Republican,Ted Cruz,2190.0,19.5
Bureau,Republican,Ted Cruz,2185.0,17.4
Botetourt,Republican,Ted Cruz,2185.0,24.9
Montague,Republican,Ted Cruz,2163.0,16.6
Llano,Republican,Ted Cruz,2161.0,25.4
Green Lake,Republican,Ted Cruz,2146.0,16.6
Uintah,Republican,Ted Cruz,2144.0,16.2
Mayes,Democrat,Hillary Clinton,2144.0,15.3
Transylvania,Republican,Ted Cruz,2139.0,27.6
Latah,Republican,Ted Cruz,2134.0,44.1
Marlboro,Democrat,Hillary Clinton,2132.0,8.7
Bosque,Republican,Ted Cruz,2132.0,15.4
Hampshire,Republican,Ted Cruz,2125.0,8.2
Bennington,Democrat,Hillary Clinton,2121.0,32.3
Newberry,Democrat,Hillary Clinton,2118.0,18.9
Jessamine,Democrat,Hillary Clinton,2113.0,27.4
Mecosta,Republican,Ted Cruz,2113.0,21.6
Matagorda,Republican,Ted Cruz,2109.0,14.5
Ouachita,Democrat,Hillary Clinton,2095.0,15.5
Cassia,Republican,Ted Cruz,2095.0,15.6
Louisa,Republican,Ted Cruz,2094.0,18.8
Leflore,Democrat,Hillary Clinton,2094.0,19.0
Aransas,Republican,Ted Cruz,2091.0,21.7
Cheboygan,Republican,Ted Cruz,2089.0,16.3
Independence,Republican,Ted Cruz,2077.0,14.4
Hockley,Republican,Ted Cruz,2073.0,17.4
Willacy,Democrat,Hillary Clinton,2072.0,8.8
Whitman,Republican,Ted Cruz,2071.0,48.9
Accomack,Republican,Ted Cruz,2068.0,17.2
Bertie,Democrat,Hillary Clinton,2065.0,10.6
Kauai,Democrat,Hillary Clinton,2049.0,25.1
Houghton,Democrat,Hillary Clinton,2039.0,28.9
Pacific,Republican,Ted Cruz,2038.0,17.8
Sawyer,Republican,Ted Cruz,2034.0,22.0
Tate,Republican,Ted Cruz,2034.0,15.4
Tyler,Republican,Ted Cruz,2032.0,11.8
Conecuh,Democrat,Hillary Clinton,2031.0,8.8
San Benito,Democrat,Hillary Clinton,2022.0,18.2
Claiborne,Republican,Ted Cruz,2022.0,18.6
Mississippi,Democrat,Hillary Clinton,2017.0,13.0
Hocking,Republican,Ted Cruz,2007.0,12.7
Ware,Republican,Ted Cruz,1998.0,13.9
Parke,Republican,Ted Cruz,1996.0,13.7
Clare,Republican,Ted Cruz,1996.0,11.1
Ashe,Republican,Ted Cruz,1993.0,19.5
Prince George,Democrat,Hillary Clinton,1992.0,17.9
Sanders,Republican,Ted Cruz,1992.0,16.7
Fergus,Republican,Ted Cruz,1975.0,25.5
Iosco,Republican,Ted Cruz,1973.0,14.0
Zapata,Democrat,Hillary Clinton,1969.0,8.5
Antrim,Republican,Ted Cruz,1969.0,23.8
Brooke,Democrat,Hillary Clinton,1966.0,17.0
Colorado,Republican,Ted Cruz,1956.0,16.9
Delta,Republican,Ted Cruz,1954.0,18.2
Tippah,Republican,Ted Cruz,1951.0,10.3
Young,Republican,Ted Cruz,1945.0,16.7
Mariposa,Republican,Ted Cruz,1940.0,21.3
Dinwiddie,Democrat,Hillary Clinton,1935.0,12.8
Hampton,Democrat,Hillary Clinton,1930.0,11.4
Pend Oreille,Republican,Ted Cruz,1928.0,17.8
Washburn,Republican,Ted Cruz,1926.0,20.3
Woodbury,Democrat,Martin O'Malley,1920.0,20.3
Upson,Republican,Ted Cruz,1910.0,11.4
Giles,Republican,Ted Cruz,1910.0,16.6
Obion,Republican,Ted Cruz,1908.0,14.2
Itawamba,Republican,Ted Cruz,1905.0,13.5
Goochland,Republican,Ted Cruz,1903.0,38.0
Jersey,Republican,Ted Cruz,1902.0,16.2
Park,Republican,Ted Cruz,1901.0,33.6
Wyandot,Republican,Ted Cruz,1896.0,12.0
Titus,Republican,Ted Cruz,1890.0,13.8
Worth,Republican,Ted Cruz,1890.0,16.3
Charlevoix,Republican,Ted Cruz,1886.0,27.0
Milam,Republican,Ted Cruz,1885.0,14.4
Alpena,Republican,Ted Cruz,1885.0,16.0
Butts,Republican,Ted Cruz,1884.0,8.4
Okmulgee,Democrat,Hillary Clinton,1882.0,13.9
Cortland,Democrat,Hillary Clinton,1878.0,23.5
Wright,Republican,Ted Cruz,1874.0,16.0
Wythe,Republican,Ted Cruz,1873.0,15.0
Sequoyah,Democrat,Hillary Clinton,1872.0,13.3
Frio,Democrat,Hillary Clinton,1864.0,6.5
Gilchrist,Republican,Ted Cruz,1860.0,11.1
Hart,Republican,Ted Cruz,1858.0,15.5
Piatt,Republican,Ted Cruz,1855.0,26.5
Tishomingo,Republican,Ted Cruz,1854.0,11.3
McNairy,Republican,Ted Cruz,1822.0,11.6
Unicoi,Republican,Ted Cruz,1813.0,12.9
Gratiot,Democrat,Hillary Clinton,1812.0,14.0
Banks,Republican,Ted Cruz,1806.0,11.6
Dimmit,Democrat,Hillary Clinton,1804.0,9.2
Wasco,Democrat,Hillary Clinton,1795.0,20.1
Letcher,Democrat,Hillary Clinton,1788.0,11.5
Avery,Republican,Ted Cruz,1785.0,20.4
Dunklin,Republican,Ted Cruz,1781.0,11.4
Val Verde,Democrat,Hillary Clinton,1777.0,15.3
Amherst,Republican,Ted Cruz,1777.0,17.4
Mitchell,Republican,Ted Cruz,1775.0,16.9
Gladwin,Republican,Ted Cruz,1774.0,11.8
Choctaw,Democrat,Hillary Clinton,1772.0,14.0
Saunders,Republican,Ted Cruz,1772.0,24.4
Grainger,Republican,Ted Cruz,1767.0,10.5
Weakley,Republican,Ted Cruz,1764.0,20.1
Conway,Democrat,Hillary Clinton,1755.0,14.7
Vermillion,Republican,Ted Cruz,1748.0,13.0
Wetzel,Democrat,Hillary Clinton,1744.0,10.2
Montour,Republican,Ted Cruz,1744.0,26.8
Smyth,Republican,Ted Cruz,1744.0,15.0
Uvalde,Democrat,Hillary Clinton,1740.0,14.5
Ritchie,Republican,Ted Cruz,1740.0,10.6
Kleberg,Democrat,Hillary Clinton,1738.0,23.6
Rabun,Republican,Ted Cruz,1732.0,26.6
Grenada,Republican,Ted Cruz,1727.0,14.7
Kalkaska,Republican,Ted Cruz,1724.0,12.1
Hardeman,Democrat,Hillary Clinton,1721.0,18.6
Breathitt,Democrat,Hillary Clinton,1716.0,9.8
Bamberg,Democrat,Hillary Clinton,1715.0,17.5
Burleson,Republican,Ted Cruz,1711.0,11.6
Dickinson,Republican,Ted Cruz,1708.0,25.4
Lampasas,Republican,Ted Cruz,1705.0,19.8
Caswell,Democrat,Hillary Clinton,1701.0,9.0
Glenn,Republican,Ted Cruz,1699.0,14.6
Gonzales,Republican,Ted Cruz,1698.0,14.5
Oceana,Republican,Ted Cruz,1698.0,15.0
Callahan,Republican,Ted Cruz,1689.0,14.7
Dent,Republican,Ted Cruz,1688.0,11.4
Peach,Democrat,Hillary Clinton,1675.0,19.2
Chattooga,Republican,Ted Cruz,1674.0,7.7
Price,Republican,Ted Cruz,1673.0,15.3
Wakulla,Republican,Ted Cruz,1664.0,17.2
Stillwater,Republican,Ted Cruz,1658.0,22.1
Greenup,Democrat,Hillary Clinton,1655.0,15.7
Benzie,Democrat,Hillary Clinton,1650.0,24.9
Boyle,Democrat,Hillary Clinton,1648.0,22.8
Weld,Democrat,Hillary Clinton,1647.0,25.9
Manistee,Democrat,Hillary Clinton,1646.0,19.1
Audrain,Republican,Ted Cruz,1642.0,13.1
Muhlenberg,Democrat,Hillary Clinton,1632.0,11.3
Burnett,Republican,Ted Cruz,1628.0,16.7
New Kent,Republican,Ted Cruz,1626.0,23.2
Beaverhead,Republican,Ted Cruz,1626.0,27.2
Dillon,Democrat,Hillary Clinton,1615.0,8.2
Leake,Democrat,Hillary Clinton,1614.0,10.7
Ogemaw,Republican,Ted Cruz,1612.0,11.3
Graham,Republican,Ted Cruz,1606.0,14.4
Hughes,Republican,Ted Cruz,1606.0,32.0
Brooks,Democrat,Hillary Clinton,1603.0,11.4
McDonough,Republican,Ted Cruz,1599.0,33.3
Hot Spring,Republican,Ted Cruz,1597.0,12.3
Prentiss,Republican,Ted Cruz,1597.0,11.4
Cibola,Democrat,Hillary Clinton,1586.0,10.4
Nez Perce,Republican,Ted Cruz,1583.0,21.1
Overton,Republican,Ted Cruz,1582.0,12.6
McDonald,Republican,Ted Cruz,1580.0,10.5
Pottawattamie,Democrat,Martin O'Malley,1573.0,19.1
Ray,Republican,Ted Cruz,1565.0,13.9
Edgar,Republican,Ted Cruz,1562.0,18.2
Barton,Republican,Ted Cruz,1560.0,16.9
Barnwell,Democrat,Hillary Clinton,1560.0,11.2
Zavala,Democrat,Hillary Clinton,1557.0,9.4
Newport,Democrat,Hillary Clinton,1552.0,44.7
Caddo,Democrat,Hillary Clinton,1543.0,13.7
Del Norte,Republican,Ted Cruz,1536.0,14.0
Wasatch,Republican,Ted Cruz,1529.0,33.4
Sioux,Republican,Ted Cruz,1524.0,27.0
Attala,Democrat,Hillary Clinton,1519.0,16.0
Toombs,Republican,Ted Cruz,1513.0,15.2
Adair,Republican,Ted Cruz,1512.0,27.6
Bee,Republican,Ted Cruz,1509.0,8.2
Garvin,Democrat,Hillary Clinton,1505.0,15.4
Abbeville,Democrat,Hillary Clinton,1501.0,12.2
Crenshaw,Republican,Ted Cruz,1496.0,12.7
Custer,Republican,Ted Cruz,1491.0,27.8
Emanuel,Republican,Ted Cruz,1489.0,11.6
Edgefield,Democrat,Hillary Clinton,1474.0,17.2
Codington,Republican,Ted Cruz,1473.0,21.9
La Plata,Democrat,Hillary Clinton,1466.0,41.4
Meriwether,Democrat,Hillary Clinton,1463.0,8.9
Andrew,Republican,Ted Cruz,1457.0,22.0
King George,Republican,Ted Cruz,1437.0,31.1
Trinity,Republican,Ted Cruz,1435.0,21.3
Fremont,Republican,Ted Cruz,1434.0,20.5
Gasconade,Republican,Ted Cruz,1429.0,15.4
Los Alamos,Democrat,Hillary Clinton,1424.0,63.4
Jim Hogg,Democrat,Hillary Clinton,1421.0,10.9
Schoharie,Republican,Ted Cruz,1419.0,19.3
Fentress,Republican,Ted Cruz,1418.0,11.1
Inyo,Republican,Ted Cruz,1414.0,21.4
Gage,Republican,Ted Cruz,1407.0,20.0
Cedar,Republican,Ted Cruz,1404.0,19.5
Lyon,Republican,Ted Cruz,1399.0,17.6
Chickasaw,Democrat,Martin O'Malley,1398.0,13.8
Noxubee,Democrat,Hillary Clinton,1397.0,11.2
Elbert,Republican,Ted Cruz,1394.0,11.3
Gem,Republican,Ted Cruz,1391.0,15.8
Yancey,Democrat,Hillary Clinton,1386.0,17.9
Blanco,Republican,Ted Cruz,1379.0,26.8
Page,Republican,Ted Cruz,1377.0,17.4
New Madrid,Republican,Ted Cruz,1376.0,12.3
Ashley,Democrat,Hillary Clinton,1375.0,12.2
Moniteau,Republican,Ted Cruz,1374.0,18.1
Chicot,Democrat,Hillary Clinton,1370.0,12.6
Cooper,Republican,Ted Cruz,1369.0,18.4
Prince Edward,Democrat,Hillary Clinton,1366.0,21.9
Payette,Republican,Ted Cruz,1364.0,16.4
Nolan,Republican,Ted Cruz,1361.0,12.5
Towns,Republican,Ted Cruz,1356.0,22.7
Fluvanna,Democrat,Hillary Clinton,1355.0,28.8
Andrews,Republican,Ted Cruz,1349.0,14.2
New London,Democrat,Hillary Clinton,1343.0,31.3
Duchesne,Republican,Ted Cruz,1342.0,16.0
Colusa,Republican,Ted Cruz,1342.0,13.8
Desha,Democrat,Hillary Clinton,1342.0,12.7
Massac,Republican,Ted Cruz,1341.0,16.7
Tallahatchie,Democrat,Hillary Clinton,1341.0,8.5
Harney,Republican,Ted Cruz,1335.0,15.6
Hickman,Republican,Ted Cruz,1325.0,12.0
Braxton,Democrat,Hillary Clinton,1321.0,11.2
Moultrie,Republican,Ted Cruz,1321.0,14.1
McCurtain,Democrat,Hillary Clinton,1314.0,13.9
Bates,Republican,Ted Cruz,1306.0,11.9
Menominee,Republican,Ted Cruz,1304.0,15.8
Bristol,Democrat,Hillary Clinton,1302.0,43.7
Holt,Republican,Ted Cruz,1302.0,19.0
Yates,Republican,Ted Cruz,1296.0,23.2
Appling,Republican,Ted Cruz,1290.0,12.8
Hendry,Republican,Ted Cruz,1290.0,9.9
McDuffie,Republican,Ted Cruz,1288.0,13.7
Sanpete,Republican,Ted Cruz,1282.0,20.8
Ford,Republican,Ted Cruz,1281.0,16.3
Gaines,Republican,Ted Cruz,1274.0,11.9
Bollinger,Republican,Ted Cruz,1272.0,10.9
Wilkinson,Democrat,Hillary Clinton,1269.0,11.8
Nodaway,Republican,Ted Cruz,1268.0,23.4
Scurry,Republican,Ted Cruz,1265.0,14.4
McIntosh,Democrat,Hillary Clinton,1261.0,15.8
Pueblo,Democrat,Hillary Clinton,1260.0,21.5
Otoe,Republican,Ted Cruz,1255.0,23.2
Keith,Republican,Ted Cruz,1253.0,20.4
Drew,Democrat,Hillary Clinton,1250.0,19.1
Valley,Republican,Ted Cruz,1250.0,34.3
Saluda,Republican,Ted Cruz,1248.0,12.4
Wallowa,Republican,Ted Cruz,1245.0,24.0
Cannon,Republican,Ted Cruz,1244.0,13.0
Sharp,Republican,Ted Cruz,1241.0,11.0
Woodward,Republican,Ted Cruz,1235.0,17.8
Coosa,Republican,Ted Cruz,1233.0,9.8
Oglethorpe,Republican,Ted Cruz,1230.0,18.0
Cook,Republican,Ted Cruz,1229.0,12.4
Doddridge,Republican,Ted Cruz,1222.0,12.4
Missaukee,Republican,Ted Cruz,1221.0,13.0
Cherry,Republican,Ted Cruz,1220.0,21.3
Sabine,Republican,Ted Cruz,1215.0,13.4
Archer,Republican,Ted Cruz,1215.0,20.0
Yalobusha,Democrat,Hillary Clinton,1214.0,13.2
Amite,Democrat,Hillary Clinton,1212.0,11.6
Somervell,Republican,Ted Cruz,1206.0,29.0
Crisp,Republican,Ted Cruz,1204.0,15.5
Southampton,Democrat,Hillary Clinton,1199.0,13.6
Box Butte,Republican,Ted Cruz,1188.0,17.6
Patrick,Republican,Ted Cruz,1182.0,10.7
Red Willow,Republican,Ted Cruz,1178.0,19.5
Windham,Democrat,Hillary Clinton,1171.0,33.5
Jerome,Republican,Ted Cruz,1164.0,13.4
Minidoka,Republican,Ted Cruz,1163.0,9.9
Brantley,Republican,Ted Cruz,1161.0,6.4
Pemiscot,Republican,Ted Cruz,1155.0,10.0
Rockbridge,Republican,Ted Cruz,1154.0,23.2
Dade,Republican,Ted Cruz,1151.0,17.0
Falls,Republican,Ted Cruz,1150.0,10.7
Coleman,Republican,Ted Cruz,1149.0,15.0
Walthall,Republican,Ted Cruz,1143.0,12.6
Arenac,Republican,Ted Cruz,1141.0,11.4
Runnels,Republican,Ted Cruz,1132.0,14.9
King William,Republican,Ted Cruz,1131.0,19.2
Cheyenne,Republican,Ted Cruz,1130.0,25.3
Reeves,Democrat,Hillary Clinton,1128.0,10.5
Luna,Republican,Ted Cruz,1123.0,13.8
Lamb,Republican,Ted Cruz,1121.0,14.0
Hardy,Republican,Ted Cruz,1119.0,9.5
Knott,Democrat,Hillary Clinton,1114.0,13.0
Hardee,Republican,Ted Cruz,1113.0,8.8
Alcona,Republican,Ted Cruz,1111.0,13.0
Forest,Republican,Ted Cruz,1110.0,12.2
Bourbon,Democrat,Hillary Clinton,1109.0,15.8
Cerro Gordo,Democrat,Martin O'Malley,1108.0,21.0
Rains,Republican,Ted Cruz,1105.0,11.0
Dixie,Republican,Ted Cruz,1103.0,8.4
Bond,Republican,Ted Cruz,1102.0,19.1
Ozark,Republican,Ted Cruz,1099.0,12.5
Mesa,Democrat,Hillary Clinton,1095.0,25.7
Harlan,Democrat,Hillary Clinton,1092.0,15.3
Tattnall,Republican,Ted Cruz,1089.0,11.6
Big Horn,Republican,Ted Cruz,1087.0,15.5
Live Oak,Republican,Ted Cruz,1081.0,14.3
Ste. Genevieve,Republican,Ted Cruz,1080.0,10.7
Skamania,Republican,Ted Cruz,1078.0,20.8
Glacier,Democrat,Hillary Clinton,1074.0,18.4
Arkansas,Republican,Ted Cruz,1073.0,12.4
Jeff Davis,Republican,Ted Cruz,1071.0,35.3
Heard,Republican,Ted Cruz,1068.0,8.2
Carson City,Republican,Ted Cruz,1066.0,20.1
Des Moines,Democrat,Martin O'Malley,1066.0,18.9
Menard,Republican,Ted Cruz,1064.0,22.1
Summers,Democrat,Hillary Clinton,1060.0,12.7
Amelia,Republican,Ted Cruz,1055.0,14.0
Nantucket,Democrat,Hillary Clinton,1051.0,44.0
Socorro,Democrat,Hillary Clinton,1050.0,19.4
Red River,Republican,Ted Cruz,1048.0,14.5
Montmorency,Republican,Ted Cruz,1046.0,9.9
Sequatchie,Republican,Ted Cruz,1046.0,13.5
Elko,Republican,Ted Cruz,1039.0,16.4
Gulf,Republican,Ted Cruz,1038.0,13.6
Poinsett,Republican,Ted Cruz,1036.0,8.6
Appomattox,Republican,Ted Cruz,1033.0,15.0
Musselshell,Republican,Ted Cruz,1032.0,13.6
Casey,Republican,Ted Cruz,1029.0,8.4
Vinton,Republican,Ted Cruz,1023.0,8.5
Allendale,Democrat,Hillary Clinton,1022.0,15.0
Ben Hill,Republican,Ted Cruz,1020.0,9.8
Blackford,Republican,Ted Cruz,1019.0,9.8
Modoc,Republican,Ted Cruz,1019.0,18.7
Torrance,Republican,Ted Cruz,1016.0,14.7
Sierra,Republican,Ted Cruz,1013.0,21.1
Broomfield,Democrat,Hillary Clinton,1010.0,47.5
Bledsoe,Republican,Ted Cruz,1009.0,9.3
Kemper,Democrat,Hillary Clinton,1008.0,10.4
Broadwater,Republican,Ted Cruz,1001.0,19.4
Pamlico,Republican,Ted Cruz,999.0,18.7
Crockett,Republican,Ted Cruz,995.0,11.9
Deaf Smith,Republican,Ted Cruz,993.0,15.6
Mora,Democrat,Hillary Clinton,986.0,9.5
Deer Lodge,Democrat,Hillary Clinton,986.0,18.1
Quitman,Democrat,Hillary Clinton,986.0,13.7
Nye,Republican,Ted Cruz,980.0,12.3
Chowan,Democrat,Hillary Clinton,974.0,20.1
McCormick,Democrat,Hillary Clinton,973.0,18.2
Muscatine,Democrat,Martin O'Malley,972.0,16.2
Cross,Republican,Ted Cruz,972.0,11.4
Roosevelt,Republican,Ted Cruz,966.0,21.1
Ralls,Republican,Ted Cruz,961.0,13.3
Rosebud,Republican,Ted Cruz,959.0,22.3
Kingfisher,Republican,Ted Cruz,958.0,18.2
Maries,Republican,Ted Cruz,958.0,16.5
Norfolk,Democrat,Hillary Clinton,956.0,49.2
Brookings,Democrat,Hillary Clinton,955.0,40.2
Stewart,Republican,Ted Cruz,953.0,11.7
Colfax,Democrat,Hillary Clinton,949.0,19.8
Ferry,Republican,Ted Cruz,949.0,16.1
Jack,Republican,Ted Cruz,943.0,10.7
Oregon,Republican,Ted Cruz,941.0,9.8
La Paz,Republican,Ted Cruz,940.0,9.3
Searcy,Republican,Ted Cruz,939.0,12.0
Schuyler,Republican,Ted Cruz,938.0,18.6
Bleckley,Republican,Ted Cruz,935.0,14.9
Seward,Republican,Ted Cruz,935.0,26.1
Pondera,Republican,Ted Cruz,930.0,20.5
Ochiltree,Republican,Ted Cruz,928.0,15.3
Craig,Democrat,Hillary Clinton,926.0,14.6
Fall River,Republican,Ted Cruz,923.0,22.4
Wilbarger,Republican,Ted Cruz,923.0,16.5
Mono,Democrat,Hillary Clinton,917.0,29.8
Hempstead,Republican,Ted Cruz,917.0,14.1
San Augustine,Republican,Ted Cruz,916.0,12.4
Presque Isle,Republican,Ted Cruz,916.0,16.3
Yell,Republican,Ted Cruz,911.0,9.4
Dickenson,Republican,Ted Cruz,911.0,10.5
McCulloch,Republican,Ted Cruz,906.0,15.0
Tunica,Democrat,Hillary Clinton,904.0,15.4
Bacon,Republican,Ted Cruz,904.0,12.1
Boundary,Republican,Ted Cruz,901.0,15.4
Beckham,Republican,Ted Cruz,900.0,16.4
Candler,Republican,Ted Cruz,897.0,14.6
Teton,Republican,Ted Cruz,882.0,34.4
Terry,Republican,Ted Cruz,879.0,15.5
Breckinridge,Democrat,Hillary Clinton,877.0,9.4
Izard,Republican,Ted Cruz,873.0,11.7
Irwin,Republican,Ted Cruz,869.0,10.3
Edwards,Republican,Ted Cruz,867.0,24.2
Chouteau,Republican,Ted Cruz,865.0,22.9
Camp,Republican,Ted Cruz,863.0,15.2
Gooding,Republican,Ted Cruz,863.0,12.1
Charles City,Democrat,Hillary Clinton,863.0,13.9
Toole,Republican,Ted Cruz,863.0,14.6
Woodruff,Democrat,Hillary Clinton,862.0,10.1
Switzerland,Republican,Ted Cruz,858.0,9.9
Mackinac,Republican,Ted Cruz,856.0,18.5
Pleasants,Republican,Ted Cruz,855.0,10.5
Carson,Republican,Ted Cruz,854.0,21.5
Latimer,Democrat,Hillary Clinton,852.0,13.8
Pocahontas,Republican,Ted Cruz,833.0,17.8
Greensville,Democrat,Hillary Clinton,832.0,7.2
Dawes,Republican,Ted Cruz,831.0,40.6
Swain,Democrat,Hillary Clinton,831.0,16.3
Buckingham,Republican,Ted Cruz,830.0,11.9
Nottoway,Democrat,Hillary Clinton,829.0,12.0
Dakota,Republican,Ted Cruz,819.0,11.1
Twiggs,Democrat,Hillary Clinton,818.0,10.8
Powell,Republican,Ted Cruz,818.0,17.8
Wapello,Democrat,Martin O'Malley,817.0,16.2
Pecos,Democrat,Hillary Clinton,816.0,12.7
Major,Republican,Ted Cruz,816.0,16.6
Sheridan,Republican,Ted Cruz,809.0,23.4
Shannon,Republican,Ted Cruz,808.0,11.2
Davison,Republican,Ted Cruz,808.0,26.1
Fleming,Democrat,Hillary Clinton,806.0,12.8
Tolland,Democrat,Hillary Clinton,806.0,36.9
Terrell,Democrat,Hillary Clinton,804.0,17.4
Screven,Republican,Ted Cruz,801.0,13.0
Alleghany,Republican,Ted Cruz,790.0,18.3
Gogebic,Democrat,Hillary Clinton,790.0,18.3
Tucker,Republican,Ted Cruz,787.0,15.4
Cuming,Republican,Ted Cruz,783.0,17.5
Wheeler,Republican,Ted Cruz,781.0,18.4
Presidio,Democrat,Hillary Clinton,776.0,23.6
Merrick,Republican,Ted Cruz,775.0,17.0
Antelope,Republican,Ted Cruz,772.0,16.7
Brewster,Democrat,Hillary Clinton,771.0,36.1
Millard,Republican,Ted Cruz,771.0,19.0
Mathews,Republican,Ted Cruz,762.0,27.2
Pawnee,Democrat,Hillary Clinton,762.0,17.0
Early,Republican,Ted Cruz,760.0,12.9
Lemhi,Republican,Ted Cruz,757.0,23.8
Haskell,Democrat,Hillary Clinton,752.0,12.2
Gates,Democrat,Hillary Clinton,749.0,11.6
Goliad,Republican,Ted Cruz,747.0,14.2
Rockcastle,Republican,Ted Cruz,743.0,10.9
Ward,Republican,Ted Cruz,742.0,12.5
Lunenburg,Democrat,Hillary Clinton,738.0,11.9
Dooly,Democrat,Hillary Clinton,737.0,10.1
Fallon,Republican,Ted Cruz,734.0,16.1
Parmer,Republican,Ted Cruz,728.0,16.2
Perquimans,Republican,Ted Cruz,726.0,18.4
McCreary,Republican,Ted Cruz,725.0,7.3
Atoka,Democrat,Hillary Clinton,723.0,14.2
Little River,Democrat,Hillary Clinton,721.0,10.6
Karnes,Democrat,Hillary Clinton,719.0,11.2
Owyhee,Republican,Ted Cruz,717.0,8.2
Trigg,Democrat,Hillary Clinton,715.0,18.4
Windsor,Democrat,Hillary Clinton,709.0,34.0
Sweet Grass,Republican,Ted Cruz,707.0,27.1
San Saba,Republican,Ted Cruz,707.0,13.1
Yankton,Democrat,Hillary Clinton,706.0,26.4
Oscoda,Republican,Ted Cruz,705.0,10.4
Washita,Democrat,Hillary Clinton,700.0,18.0
Richardson,Republican,Ted Cruz,699.0,18.8
Quay,Republican,Ted Cruz,695.0,13.2
Morrill,Republican,Ted Cruz,695.0,18.3
Boise,Republican,Ted Cruz,691.0,24.1
Yoakum,Republican,Ted Cruz,685.0,15.0
Hansford,Republican,Ted Cruz,682.0,21.8
Lynn,Republican,Ted Cruz,678.0,17.7
Benewah,Republican,Ted Cruz,671.0,13.4
Mahaska,Republican,Ted Cruz,669.0,21.5
Pushmataha,Democrat,Hillary Clinton,667.0,11.6
Ballard,Democrat,Hillary Clinton,659.0,13.1
Turner,Republican,Ted Cruz,652.0,19.4
Reynolds,Republican,Ted Cruz,647.0,6.7
Juab,Republican,Ted Cruz,647.0,14.6
Sharkey,Democrat,Hillary Clinton,645.0,21.1
Bear Lake,Republican,Ted Cruz,643.0,16.1
Bath,Democrat,Hillary Clinton,641.0,20.2
Bremer,Democrat,Martin O'Malley,640.0,28.3
Grand,Democrat,Hillary Clinton,636.0,32.8
Mills,Republican,Ted Cruz,633.0,24.0
Long,Republican,Ted Cruz,633.0,14.0
Shoshone,Republican,Ted Cruz,632.0,13.5
Glades,Republican,Ted Cruz,632.0,12.2
Clearwater,Republican,Ted Cruz,629.0,15.5
Magoffin,Democrat,Hillary Clinton,626.0,8.9
Telfair,Republican,Ted Cruz,626.0,10.9
Eagle,Democrat,Hillary Clinton,623.0,47.0
Alger,Democrat,Hillary Clinton,622.0,17.1
Atkinson,Republican,Ted Cruz,619.0,7.7
Winneshiek,Democrat,Martin O'Malley,616.0,26.5
Kearney,Republican,Ted Cruz,614.0,26.4
Pepin,Republican,Ted Cruz,607.0,17.1
Burt,Republican,Ted Cruz,603.0,18.3
Caribou,Republican,Ted Cruz,602.0,17.5
Charlton,Republican,Ted Cruz,602.0,9.4
Chariton,Republican,Ted Cruz,597.0,11.7
Okfuskee,Democrat,Hillary Clinton,596.0,11.1
Pickett,Republican,Ted Cruz,594.0,13.0
Pendleton,Republican,Ted Cruz,587.0,13.0
Bland,Republican,Ted Cruz,584.0,14.7
Metcalfe,Democrat,Hillary Clinton,582.0,8.6
Garrard,Republican,Ted Cruz,581.0,15.2
Hartley,Republican,Ted Cruz,577.0,20.6
Garza,Republican,Ted Cruz,574.0,9.5
Woods,Republican,Ted Cruz,574.0,27.1
Fillmore,Republican,Ted Cruz,574.0,18.2
Litchfield,Republican,Ted Cruz,568.0,33.4
Real,Republican,Ted Cruz,562.0,19.5
Shackelford,Republican,Ted Cruz,560.0,25.4
Prairie,Democrat,Hillary Clinton,558.0,16.9
La Salle,Democrat,Hillary Clinton,557.0,5.1
Rappahannock,Republican,Ted Cruz,556.0,32.4
Refugio,Democrat,Hillary Clinton,549.0,11.2
Furnas,Republican,Ted Cruz,546.0,16.8
Blaine,Republican,Ted Cruz,543.0,44.7
Trimble,Democrat,Hillary Clinton,542.0,16.1
Churchill,Republican,Ted Cruz,538.0,16.8
Stanton,Republican,Ted Cruz,537.0,17.7
Edmonson,Republican,Ted Cruz,531.0,9.8
Nowata,Democrat,Hillary Clinton,530.0,13.8
Wahkiakum,Republican,Ted Cruz,530.0,14.3
Schoolcraft,Republican,Ted Cruz,529.0,12.4
Hemphill,Republican,Ted Cruz,526.0,19.6
Todd,Democrat,Hillary Clinton,524.0,12.4
Ontonagon,Republican,Ted Cruz,519.0,15.3
Powder River,Republican,Ted Cruz,516.0,19.9
Lipscomb,Republican,Ted Cruz,515.0,21.5
Kiowa,Democrat,Hillary Clinton,514.0,20.6
Jenkins,Republican,Ted Cruz,513.0,13.1
Dixon,Republican,Ted Cruz,513.0,16.5
Lanier,Republican,Ted Cruz,512.0,12.0
Leslie,Republican,Ted Cruz,503.0,7.3
Love,Democrat,Hillary Clinton,502.0,14.4
Beadle,Democrat,Hillary Clinton,501.0,18.6
Catron,Republican,Ted Cruz,501.0,18.5
Wolfe,Democrat,Hillary Clinton,499.0,11.8
Greenlee,Democrat,Hillary Clinton,497.0,11.1
Bailey,Republican,Ted Cruz,496.0,11.1
Castro,Republican,Ted Cruz,496.0,12.8
Hamlin,Republican,Ted Cruz,489.0,18.2
Atchison,Republican,Ted Cruz,487.0,21.3
Granite,Republican,Ted Cruz,487.0,26.5
Evans,Republican,Ted Cruz,481.0,14.1
Gunnison,Democrat,Hillary Clinton,481.0,54.5
King and Queen,Democrat,Hillary Clinton,477.0,14.1
Chase,Republican,Ted Cruz,476.0,18.2
Tama,Democrat,Martin O'Malley,476.0,16.1
Poweshiek,Democrat,Martin O'Malley,475.0,24.1
Winkler,Republican,Ted Cruz,474.0,9.6
Nemaha,Republican,Ted Cruz,472.0,24.9
Crane,Republican,Ted Cruz,468.0,13.6
Baraga,Republican,Ted Cruz,468.0,12.0
Thayer,Republican,Ted Cruz,466.0,16.3
Carlisle,Democrat,Hillary Clinton,462.0,15.5
Hyde,Democrat,Hillary Clinton,459.0,20.4
Coal,Democrat,Hillary Clinton,456.0,13.3
Kimble,Republican,Ted Cruz,456.0,17.6
Emery,Republican,Ted Cruz,455.0,12.5
Trousdale,Republican,Ted Cruz,453.0,12.9
Tripp,Republican,Ted Cruz,452.0,21.2
Nuckolls,Republican,Ted Cruz,446.0,13.7
Estill,Democrat,Hillary Clinton,446.0,8.3
Childress,Republican,Ted Cruz,444.0,18.6
Elliott,Democrat,Hillary Clinton,443.0,7.7
Swisher,Republican,Ted Cruz,442.0,16.3
Perkins,Republican,Ted Cruz,441.0,22.3
Kimball,Republican,Ted Cruz,439.0,16.4
Treutlen,Republican,Ted Cruz,437.0,12.3
Hampden,Republican,Ted Cruz,437.0,24.5
Gentry,Republican,Ted Cruz,435.0,15.3
Lyman,Republican,Ted Cruz,432.0,19.4
Wirt,Republican,Ted Cruz,431.0,10.9
Grand Isle,Democrat,Hillary Clinton,426.0,30.3
Edmunds,Republican,Ted Cruz,426.0,22.2
Bracken,Democrat,Hillary Clinton,424.0,14.2
Alfalfa,Republican,Ted Cruz,421.0,21.4
Power,Republican,Ted Cruz,421.0,15.9
Kingsbury,Republican,Ted Cruz,421.0,21.3
Judith Basin,Republican,Ted Cruz,421.0,29.7
Pitkin,Democrat,Hillary Clinton,421.0,56.8
Montezuma,Democrat,Hillary Clinton,412.0,27.3
Clinch,Republican,Ted Cruz,412.0,12.5
McCone,Republican,Ted Cruz,410.0,18.6
Luce,Republican,Ted Cruz,407.0,12.7
Routt,Democrat,Hillary Clinton,406.0,48.0
Glascock,Republican,Ted Cruz,405.0,9.6
Coke,Republican,Ted Cruz,405.0,17.4
Chaffee,Democrat,Hillary Clinton,404.0,33.9
Charles Mix,Republican,Ted Cruz,404.0,16.6
Haakon,Republican,Ted Cruz,397.0,20.2
Roberts,Democrat,Hillary Clinton,397.0,33.2
Meagher,Republican,Ted Cruz,394.0,17.4
Dallam,Republican,Ted Cruz,390.0,10.4
Cotton,Democrat,Hillary Clinton,388.0,14.7
Hand,Republican,Ted Cruz,385.0,18.3
Wheatland,Republican,Ted Cruz,380.0,19.2
Sutton,Republican,Ted Cruz,379.0,17.9
Garden,Republican,Ted Cruz,372.0,20.8
Dewey,Republican,Ted Cruz,363.0,19.5
Kossuth,Democrat,Martin O'Malley,360.0,18.3
Reagan,Republican,Ted Cruz,360.0,10.6
Donley,Republican,Ted Cruz,358.0,16.7
Baylor,Republican,Ted Cruz,355.0,24.1
Culberson,Democrat,Hillary Clinton,355.0,16.5
Cochran,Republican,Ted Cruz,353.0,12.4
Crosby,Republican,Ted Cruz,353.0,13.8
Stanley,Republican,Ted Cruz,352.0,27.4
O'Brien,Republican,Ted Cruz,347.0,18.9
Tillman,Democrat,Hillary Clinton,346.0,16.0
Bon Homme,Republican,Ted Cruz,343.0,17.9
Day,Democrat,Hillary Clinton,343.0,16.4
Gregory,Republican,Ted Cruz,341.0,17.0
McPherson,Republican,Ted Cruz,340.0,26.3
Daniels,Republican,Ted Cruz,340.0,22.9
Greer,Democrat,Hillary Clinton,332.0,14.4
Schley,Republican,Ted Cruz,331.0,14.2
Menifee,Democrat,Hillary Clinton,323.0,12.1
McCook,Republican,Ted Cruz,320.0,22.1
Frontier,Republican,Ted Cruz,315.0,16.5
Nance,Republican,Ted Cruz,310.0,13.2
Buena Vista,Republican,Ted Cruz,309.0,20.0
Fisher,Republican,Ted Cruz,306.0,15.2
Hitchcock,Republican,Ted Cruz,305.0,13.8
Hanson,Republican,Ted Cruz,305.0,22.6
Allamakee,Democrat,Martin O'Malley,304.0,14.9
Spink,Republican,Ted Cruz,302.0,19.7
Harding,Republican,Ted Cruz,298.0,35.1
Hickory,Republican,Ted Cruz,297.0,10.4
Appanoose,Republican,Ted Cruz,292.0,18.3
Upton,Republican,Ted Cruz,290.0,11.5
Sherman,Republican,Ted Cruz,284.0,20.0
Harper,Republican,Ted Cruz,280.0,16.1
Concho,Republican,Ted Cruz,280.0,10.8
Deuel,Republican,Ted Cruz,274.0,21.8
Echols,Republican,Ted Cruz,268.0,5.7
Roger Mills,Democrat,Hillary Clinton,268.0,19.7
Dickens,Republican,Ted Cruz,267.0,13.5
Schleicher,Republican,Ted Cruz,266.0,21.9
Tyrrell,Democrat,Hillary Clinton,266.0,8.4
Collingsworth,Republican,Ted Cruz,266.0,18.9
Moody,Democrat,Hillary Clinton,262.0,24.1
Gosper,Republican,Ted Cruz,259.0,18.0
Montrose,Democrat,Hillary Clinton,258.0,24.5
Chittenden,Democrat,Hillary Clinton,254.0,47.4
Addison,Democrat,Hillary Clinton,251.0,35.6
Keokuk,Democrat,Martin O'Malley,250.0,13.4
Brule,Republican,Ted Cruz,245.0,22.3
Briscoe,Republican,Ted Cruz,244.0,17.8
Motley,Republican,Ted Cruz,239.0,18.1
Taliaferro,Democrat,Hillary Clinton,236.0,9.3
Wibaux,Republican,Ted Cruz,231.0,19.6
Irion,Republican,Ted Cruz,228.0,13.0
Gilliam,Republican,Ted Cruz,227.0,14.7
Guthrie,Democrat,Martin O'Malley,220.0,17.1
Dundy,Republican,Ted Cruz,219.0,22.2
Teller,Democrat,Hillary Clinton,219.0,31.6
Saguache,Democrat,Hillary Clinton,219.0,23.8
Faulk,Republican,Ted Cruz,216.0,18.4
Palo Alto,Democrat,Martin O'Malley,213.0,16.5
Sac,Republican,Ted Cruz,212.0,19.1
Kinney,Democrat,Hillary Clinton,211.0,14.6
Cimarron,Republican,Ted Cruz,204.0,18.5
Golden Valley,Republican,Ted Cruz,203.0,20.3
Keya Paha,Republican,Ted Cruz,203.0,17.2
Glasscock,Republican,Ted Cruz,202.0,18.8
Clear Creek,Democrat,Hillary Clinton,199.0,39.8
Rich,Republican,Ted Cruz,198.0,17.0
Keweenaw,Democrat,Hillary Clinton,188.0,23.9
Throckmorton,Republican,Ted Cruz,188.0,19.8
Audubon,Democrat,Martin O'Malley,187.0,16.6
Monona,Republican,Ted Cruz,185.0,14.3
Chattahoochee,Democrat,Hillary Clinton,182.0,27.5
Bennett,Republican,Ted Cruz,179.0,15.9
Issaquena,Democrat,Hillary Clinton,175.0,5.3
Gilpin,Democrat,Hillary Clinton,173.0,29.1
White Pine,Republican,Ted Cruz,172.0,13.8
McMullen,Republican,Ted Cruz,172.0,6.8
Cottle,Republican,Ted Cruz,168.0,16.1
Owsley,Republican,Ted Cruz,168.0,12.4
Petroleum,Republican,Ted Cruz,167.0,15.4
Harmon,Democrat,Hillary Clinton,167.0,17.8
Alamosa,Democrat,Hillary Clinton,167.0,24.2
Lander,Republican,Ted Cruz,165.0,12.0
Borden,Republican,Ted Cruz,164.0,32.1
Sterling,Republican,Ted Cruz,163.0,22.3
Storey,Republican,Ted Cruz,161.0,21.5
Ouray,Democrat,Hillary Clinton,156.0,47.5
Archuleta,Democrat,Hillary Clinton,156.0,32.9
Huerfano,Democrat,Hillary Clinton,150.0,28.0
Aurora,Democrat,Hillary Clinton,150.0,16.7
Corson,Democrat,Hillary Clinton,148.0,13.8
Hudspeth,Democrat,Hillary Clinton,147.0,10.1
Treasure,Republican,Ted Cruz,143.0,21.3
Stonewall,Republican,Ted Cruz,141.0,20.2
Laramie,Republican,Ted Cruz,141.0,25.1
Ida,Republican,Ted Cruz,136.0,19.6
Sully,Republican,Ted Cruz,133.0,30.9
Ziebach,Democrat,Hillary Clinton,132.0,14.7
Ringgold,Democrat,Martin O'Malley,132.0,17.6
Camas,Republican,Ted Cruz,130.0,22.3
Alpine,Democrat,Hillary Clinton,129.0,31.2
Greeley,Republican,Ted Cruz,125.0,15.0
Sanborn,Republican,Ted Cruz,122.0,16.4
Hooker,Republican,Ted Cruz,119.0,24.7
Pershing,Republican,Ted Cruz,118.0,10.5
Foard,Democrat,Hillary Clinton,112.0,21.8
Miner,Democrat,Hillary Clinton,109.0,21.7
Banner,Republican,Ted Cruz,108.0,15.8
Las Animas,Democrat,Hillary Clinton,106.0,16.3
Hayes,Republican,Ted Cruz,103.0,19.8
Loup,Republican,Ted Cruz,101.0,12.6
Jerauld,Democrat,Hillary Clinton,96.0,15.4
Mellette,Republican,Ted Cruz,87.0,16.8
Piute,Republican,Ted Cruz,86.0,17.0
Eureka,Republican,Ted Cruz,81.0,24.7
Conejos,Democrat,Hillary Clinton,73.0,19.1
Arthur,Republican,Ted Cruz,68.0,31.7
Costilla,Democrat,Hillary Clinton,64.0,19.5
Kenedy,Democrat,Hillary Clinton,63.0,10.6
Rio Grande,Democrat,Hillary Clinton,59.0,20.3
Esmeralda,Republican,Ted Cruz,46.0,13.9
Prowers,Democrat,Hillary Clinton,40.0,14.1
Daggett,Republican,Ted Cruz,36.0,18.8
Moffat,Democrat,Hillary Clinton,28.0,15.6
Bent,Democrat,Hillary Clinton,26.0,8.8
Dolores,Democrat,Hillary Clinton,22.0,18.4
Natrona,Democrat,Hillary Clinton,20.0,22.3
Rio Blanco,Democrat,Hillary Clinton,18.0,23.1
Kit Carson,Democrat,Hillary Clinton,16.0,13.5
Crowley,Democrat,Hillary Clinton,16.0,12.3
Baca,Democrat,Hillary Clinton,15.0,17.2
Loving,Republican,Ted Cruz,14.0,7.9
Sedgwick,Democrat,Hillary Clinton,13.0,15.0
Sweetwater,Democrat,Hillary Clinton,12.0,18.1
Hinsdale,Democrat,Hillary Clinton,10.0,42.2
Uinta,Democrat,Hillary Clinton,5.0,18.9
Penobscot,Democrat,Hillary Clinton,4.0,23.8
Oxford,Democrat,Hillary Clinton,4.0,18.9
Goshen,Democrat,Hillary Clinton,3.0,20.5
Converse,Democrat,Hillary Clinton,3.0,18.8
Sublette,Democrat,Hillary Clinton,3.0,23.3
Niobrara,Democrat,Hillary Clinton,2.0,18.5
Washakie,Democrat,Hillary Clinton,2.0,23.6
Hot Springs,Democrat,Hillary Clinton,1.0,17.9
Weston,Democrat,Hillary Clinton,1.0,17.2
Waldo,Democrat,Hillary Clinton,0.0,28.2
